-- MySQL dump 10.13  Distrib 8.0.42, for Win64 (x86_64)
--
-- Host: localhost    Database: fpms
-- ------------------------------------------------------
-- Server version	8.0.44-0ubuntu0.22.04.1

/*!40101 SET @OLD_CHARACTER_SET_CLIENT=@@CHARACTER_SET_CLIENT */;
/*!40101 SET @OLD_CHARACTER_SET_RESULTS=@@CHARACTER_SET_RESULTS */;
/*!40101 SET @OLD_COLLATION_CONNECTION=@@COLLATION_CONNECTION */;
/*!50503 SET NAMES utf8 */;
/*!40103 SET @OLD_TIME_ZONE=@@TIME_ZONE */;
/*!40103 SET TIME_ZONE='+00:00' */;
/*!40014 SET @OLD_UNIQUE_CHECKS=@@UNIQUE_CHECKS, UNIQUE_CHECKS=0 */;
/*!40014 SET @OLD_FOREIGN_KEY_CHECKS=@@FOREIGN_KEY_CHECKS, FOREIGN_KEY_CHECKS=0 */;
/*!40101 SET @OLD_SQL_MODE=@@SQL_MODE, SQL_MODE='NO_AUTO_VALUE_ON_ZERO' */;
/*!40111 SET @OLD_SQL_NOTES=@@SQL_NOTES, SQL_NOTES=0 */;

--
-- Table structure for table `audit_logs`
--

DROP TABLE IF EXISTS `audit_logs`;
/*!40101 SET @saved_cs_client     = @@character_set_client */;
/*!50503 SET character_set_client = utf8mb4 */;
CREATE TABLE `audit_logs` (
  `log_id` int NOT NULL AUTO_INCREMENT,
  `user_id` int DEFAULT NULL,
  `action_type` varchar(50) COLLATE utf8mb4_unicode_ci NOT NULL,
  `table_name` varchar(50) COLLATE utf8mb4_unicode_ci DEFAULT NULL,
  `record_id` varchar(100) COLLATE utf8mb4_unicode_ci DEFAULT NULL,
  `old_values` text COLLATE utf8mb4_unicode_ci,
  `new_values` text COLLATE utf8mb4_unicode_ci,
  `ip_address` varchar(45) COLLATE utf8mb4_unicode_ci DEFAULT NULL,
  `user_agent` text COLLATE utf8mb4_unicode_ci,
  `created_at` timestamp NULL DEFAULT CURRENT_TIMESTAMP,
  PRIMARY KEY (`log_id`),
  KEY `idx_user_id` (`user_id`),
  KEY `idx_action_type` (`action_type`),
  KEY `idx_created_at` (`created_at`)
) ENGINE=InnoDB AUTO_INCREMENT=636 DEFAULT CHARSET=utf8mb4 COLLATE=utf8mb4_unicode_ci;
/*!40101 SET character_set_client = @saved_cs_client */;

--
-- Dumping data for table `audit_logs`
--

LOCK TABLES `audit_logs` WRITE;
/*!40000 ALTER TABLE `audit_logs` DISABLE KEYS */;
INSERT INTO `audit_logs` VALUES (1,1,'logout','User logged out','User logged out',NULL,NULL,'175.157.115.134','Mozilla/5.0 (Windows NT 10.0; Win64; x64) AppleWebKit/537.36 (KHTML, like Gecko) Chrome/143.0.0.0 Safari/537.36 Edg/143.0.0.0','2025-12-09 11:05:25'),(2,1,'login','User logged in successfully','User logged in successfully',NULL,NULL,'175.157.115.134','Mozilla/5.0 (Windows NT 10.0; Win64; x64) AppleWebKit/537.36 (KHTML, like Gecko) Chrome/143.0.0.0 Safari/537.36 Edg/143.0.0.0','2025-12-09 11:05:33'),(3,1,'login_success','User logged in successfully: moha_admin','User logged in successfully: moha_admin',NULL,NULL,'175.157.115.134','Mozilla/5.0 (Windows NT 10.0; Win64; x64) AppleWebKit/537.36 (KHTML, like Gecko) Chrome/143.0.0.0 Safari/537.36 Edg/143.0.0.0','2025-12-09 11:05:33'),(4,1,'login','User logged in successfully','User logged in successfully',NULL,NULL,'112.135.73.107','Mozilla/5.0 (Windows NT 10.0; Win64; x64) AppleWebKit/537.36 (KHTML, like Gecko) Chrome/143.0.0.0 Safari/537.36 Edg/143.0.0.0','2025-12-09 16:36:57'),(5,1,'login_success','User logged in successfully: moha_admin','User logged in successfully: moha_admin',NULL,NULL,'112.135.73.107','Mozilla/5.0 (Windows NT 10.0; Win64; x64) AppleWebKit/537.36 (KHTML, like Gecko) Chrome/143.0.0.0 Safari/537.36 Edg/143.0.0.0','2025-12-09 16:36:57'),(6,1,'logout','User logged out','User logged out',NULL,NULL,'112.135.73.107','Mozilla/5.0 (Windows NT 10.0; Win64; x64) AppleWebKit/537.36 (KHTML, like Gecko) Chrome/143.0.0.0 Safari/537.36 Edg/143.0.0.0','2025-12-09 16:43:13'),(7,1,'login_error','Login system error: Table \'fpms.remember_me_tokens','Login system error: Table \'fpms.remember_me_tokens\' doesn\'t exist',NULL,NULL,'112.135.73.107','Mozilla/5.0 (Windows NT 10.0; Win64; x64) AppleWebKit/537.36 (KHTML, like Gecko) Chrome/143.0.0.0 Safari/537.36 Edg/143.0.0.0','2025-12-09 16:43:19'),(8,1,'password_reset','Password reset by moha_admin for district_mannar','Password reset by moha_admin for district_mannar',NULL,NULL,'112.135.73.107','Mozilla/5.0 (Windows NT 10.0; Win64; x64) AppleWebKit/537.36 (KHTML, like Gecko) Chrome/143.0.0.0 Safari/537.36 Edg/143.0.0.0','2025-12-09 16:53:36'),(9,1,'password_reset','Reset password for district_mannar (district)','Reset password for district_mannar (district)',NULL,NULL,'112.135.73.107','Mozilla/5.0 (Windows NT 10.0; Win64; x64) AppleWebKit/537.36 (KHTML, like Gecko) Chrome/143.0.0.0 Safari/537.36 Edg/143.0.0.0','2025-12-09 16:53:36'),(10,1,'password_reset','Password reset by moha_admin for district_mannar','Password reset by moha_admin for district_mannar',NULL,NULL,'112.135.73.107','Mozilla/5.0 (Windows NT 10.0; Win64; x64) AppleWebKit/537.36 (KHTML, like Gecko) Chrome/143.0.0.0 Safari/537.36 Edg/143.0.0.0','2025-12-09 16:59:25'),(11,1,'password_reset','Reset password for district_mannar (district)','Reset password for district_mannar (district)',NULL,NULL,'112.135.73.107','Mozilla/5.0 (Windows NT 10.0; Win64; x64) AppleWebKit/537.36 (KHTML, like Gecko) Chrome/143.0.0.0 Safari/537.36 Edg/143.0.0.0','2025-12-09 16:59:25'),(12,NULL,'logout_attempt','Logout initiated from IP: 112.135.73.107, User Age','Logout initiated from IP: 112.135.73.107, User Agent: Mozilla/5.0 (Windows NT 10.0; Win64; x64) Appl',NULL,NULL,'112.135.73.107','Mozilla/5.0 (Windows NT 10.0; Win64; x64) AppleWebKit/537.36 (KHTML, like Gecko) Chrome/143.0.0.0 Safari/537.36 Edg/143.0.0.0','2025-12-09 17:03:33'),(13,NULL,'logout_success','User unknown (unknown) logged out successfully fro','User unknown (unknown) logged out successfully from IP: 112.135.73.107',NULL,NULL,'112.135.73.107','Mozilla/5.0 (Windows NT 10.0; Win64; x64) AppleWebKit/537.36 (KHTML, like Gecko) Chrome/143.0.0.0 Safari/537.36 Edg/143.0.0.0','2025-12-09 17:03:33'),(14,NULL,'logout_attempt','Logout initiated from IP: 112.135.73.107, User Age','Logout initiated from IP: 112.135.73.107, User Agent: Mozilla/5.0 (Windows NT 10.0; Win64; x64) Appl',NULL,NULL,'112.135.73.107','Mozilla/5.0 (Windows NT 10.0; Win64; x64) AppleWebKit/537.36 (KHTML, like Gecko) Chrome/143.0.0.0 Safari/537.36 Edg/143.0.0.0','2025-12-09 17:05:30'),(15,NULL,'logout_success','User unknown (unknown) logged out successfully fro','User unknown (unknown) logged out successfully from IP: 112.135.73.107',NULL,NULL,'112.135.73.107','Mozilla/5.0 (Windows NT 10.0; Win64; x64) AppleWebKit/537.36 (KHTML, like Gecko) Chrome/143.0.0.0 Safari/537.36 Edg/143.0.0.0','2025-12-09 17:05:30'),(16,NULL,'login_attempt','User not found: district_mannar','User not found: district_mannar',NULL,NULL,'112.135.73.107','Mozilla/5.0 (Windows NT 10.0; Win64; x64) AppleWebKit/537.36 (KHTML, like Gecko) Chrome/143.0.0.0 Safari/537.36','2025-12-09 17:08:31'),(17,NULL,'login_attempt','User not found: district_mannar','User not found: district_mannar',NULL,NULL,'112.135.73.107','Mozilla/5.0 (Windows NT 10.0; Win64; x64) AppleWebKit/537.36 (KHTML, like Gecko) Chrome/143.0.0.0 Safari/537.36','2025-12-09 17:08:45'),(18,1,'logout','User logged out','User logged out',NULL,NULL,'112.135.73.107','Mozilla/5.0 (Windows NT 10.0; Win64; x64) AppleWebKit/537.36 (KHTML, like Gecko) Chrome/143.0.0.0 Safari/537.36 Edg/143.0.0.0','2025-12-09 17:09:23'),(19,NULL,'login_attempt','User not found: district_mannar','User not found: district_mannar',NULL,NULL,'112.135.73.107','Mozilla/5.0 (Windows NT 10.0; Win64; x64) AppleWebKit/537.36 (KHTML, like Gecko) Chrome/143.0.0.0 Safari/537.36 Edg/143.0.0.0','2025-12-09 17:10:00'),(20,NULL,'login_attempt','User not found: district_mannar','User not found: district_mannar',NULL,NULL,'112.135.73.107','Mozilla/5.0 (Windows NT 10.0; Win64; x64) AppleWebKit/537.36 (KHTML, like Gecko) Chrome/143.0.0.0 Safari/537.36','2025-12-09 17:10:20'),(21,1,'login_error','Login system error: Table \'fpms.remember_me_tokens','Login system error: Table \'fpms.remember_me_tokens\' doesn\'t exist',NULL,NULL,'112.135.73.107','Mozilla/5.0 (Windows NT 10.0; Win64; x64) AppleWebKit/537.36 (KHTML, like Gecko) Chrome/143.0.0.0 Safari/537.36 Edg/143.0.0.0','2025-12-09 17:10:46'),(22,1,'password_reset','Password reset by moha_admin for district_mannar','Password reset by moha_admin for district_mannar',NULL,NULL,'112.135.73.107','Mozilla/5.0 (Windows NT 10.0; Win64; x64) AppleWebKit/537.36 (KHTML, like Gecko) Chrome/143.0.0.0 Safari/537.36 Edg/143.0.0.0','2025-12-09 17:11:57'),(23,1,'password_reset','Reset password for district_mannar (district)','Reset password for district_mannar (district)',NULL,NULL,'112.135.73.107','Mozilla/5.0 (Windows NT 10.0; Win64; x64) AppleWebKit/537.36 (KHTML, like Gecko) Chrome/143.0.0.0 Safari/537.36 Edg/143.0.0.0','2025-12-09 17:11:57'),(24,NULL,'login_attempt','User not found: district_mannar','User not found: district_mannar',NULL,NULL,'112.135.73.107','Mozilla/5.0 (Windows NT 10.0; Win64; x64) AppleWebKit/537.36 (KHTML, like Gecko) Chrome/143.0.0.0 Safari/537.36','2025-12-09 17:12:26'),(25,1,'password_reset','Password reset by moha_admin for district_mannar','Password reset by moha_admin for district_mannar',NULL,NULL,'112.135.73.107','Mozilla/5.0 (Windows NT 10.0; Win64; x64) AppleWebKit/537.36 (KHTML, like Gecko) Chrome/143.0.0.0 Safari/537.36 Edg/143.0.0.0','2025-12-09 17:15:17'),(26,1,'password_reset','Reset password for district_mannar (district)','Reset password for district_mannar (district)',NULL,NULL,'112.135.73.107','Mozilla/5.0 (Windows NT 10.0; Win64; x64) AppleWebKit/537.36 (KHTML, like Gecko) Chrome/143.0.0.0 Safari/537.36 Edg/143.0.0.0','2025-12-09 17:15:17'),(27,NULL,'logout_attempt','Logout initiated from IP: 112.135.73.107, User Age','Logout initiated from IP: 112.135.73.107, User Agent: Mozilla/5.0 (Windows NT 10.0; Win64; x64) Appl',NULL,NULL,'112.135.73.107','Mozilla/5.0 (Windows NT 10.0; Win64; x64) AppleWebKit/537.36 (KHTML, like Gecko) Chrome/143.0.0.0 Safari/537.36 Edg/143.0.0.0','2025-12-09 17:16:27'),(28,NULL,'logout_success','User unknown (unknown) logged out successfully fro','User unknown (unknown) logged out successfully from IP: 112.135.73.107',NULL,NULL,'112.135.73.107','Mozilla/5.0 (Windows NT 10.0; Win64; x64) AppleWebKit/537.36 (KHTML, like Gecko) Chrome/143.0.0.0 Safari/537.36 Edg/143.0.0.0','2025-12-09 17:16:27'),(29,NULL,'logout_attempt','Logout initiated from IP: 112.135.73.107, User Age','Logout initiated from IP: 112.135.73.107, User Agent: Mozilla/5.0 (Windows NT 10.0; Win64; x64) Appl',NULL,NULL,'112.135.73.107','Mozilla/5.0 (Windows NT 10.0; Win64; x64) AppleWebKit/537.36 (KHTML, like Gecko) Chrome/143.0.0.0 Safari/537.36 Edg/143.0.0.0','2025-12-09 17:31:23'),(30,NULL,'logout_success','User unknown (unknown) logged out successfully fro','User unknown (unknown) logged out successfully from IP: 112.135.73.107',NULL,NULL,'112.135.73.107','Mozilla/5.0 (Windows NT 10.0; Win64; x64) AppleWebKit/537.36 (KHTML, like Gecko) Chrome/143.0.0.0 Safari/537.36 Edg/143.0.0.0','2025-12-09 17:31:24'),(31,1,'login','User logged in successfully','User logged in successfully',NULL,NULL,'112.135.73.107','Mozilla/5.0 (Windows NT 10.0; Win64; x64) AppleWebKit/537.36 (KHTML, like Gecko) Chrome/143.0.0.0 Safari/537.36 Edg/143.0.0.0','2025-12-10 00:10:35'),(32,1,'login_success','User logged in successfully: moha_admin','User logged in successfully: moha_admin',NULL,NULL,'112.135.73.107','Mozilla/5.0 (Windows NT 10.0; Win64; x64) AppleWebKit/537.36 (KHTML, like Gecko) Chrome/143.0.0.0 Safari/537.36 Edg/143.0.0.0','2025-12-10 00:10:35'),(33,NULL,'logout_attempt','Logout initiated from IP: 112.135.73.107','Logout initiated from IP: 112.135.73.107',NULL,NULL,'112.135.73.107','Mozilla/5.0 (Windows NT 10.0; Win64; x64) AppleWebKit/537.36 (KHTML, like Gecko) Chrome/143.0.0.0 Safari/537.36 Edg/143.0.0.0','2025-12-10 00:22:46'),(34,NULL,'logout_success','User unknown (unknown) logged out successfully fro','User unknown (unknown) logged out successfully from IP: 112.135.73.107',NULL,NULL,'112.135.73.107','Mozilla/5.0 (Windows NT 10.0; Win64; x64) AppleWebKit/537.36 (KHTML, like Gecko) Chrome/143.0.0.0 Safari/537.36 Edg/143.0.0.0','2025-12-10 00:22:46'),(35,NULL,'logout_attempt','Logout initiated from IP: 112.135.73.107','Logout initiated from IP: 112.135.73.107',NULL,NULL,'112.135.73.107','Mozilla/5.0 (Windows NT 10.0; Win64; x64) AppleWebKit/537.36 (KHTML, like Gecko) Chrome/143.0.0.0 Safari/537.36 Edg/143.0.0.0','2025-12-10 00:24:44'),(36,NULL,'logout_success','User unknown (unknown) logged out successfully fro','User unknown (unknown) logged out successfully from IP: 112.135.73.107',NULL,NULL,'112.135.73.107','Mozilla/5.0 (Windows NT 10.0; Win64; x64) AppleWebKit/537.36 (KHTML, like Gecko) Chrome/143.0.0.0 Safari/537.36 Edg/143.0.0.0','2025-12-10 00:24:44'),(37,NULL,'logout_attempt','Logout initiated from IP: 112.135.73.107','Logout initiated from IP: 112.135.73.107',NULL,NULL,'112.135.73.107','Mozilla/5.0 (Windows NT 10.0; Win64; x64) AppleWebKit/537.36 (KHTML, like Gecko) Chrome/143.0.0.0 Safari/537.36 Edg/143.0.0.0','2025-12-10 00:24:54'),(38,NULL,'logout_success','User unknown (unknown) logged out successfully fro','User unknown (unknown) logged out successfully from IP: 112.135.73.107',NULL,NULL,'112.135.73.107','Mozilla/5.0 (Windows NT 10.0; Win64; x64) AppleWebKit/537.36 (KHTML, like Gecko) Chrome/143.0.0.0 Safari/537.36 Edg/143.0.0.0','2025-12-10 00:24:54'),(39,NULL,'logout_attempt','Logout initiated from IP: 112.135.73.107','Logout initiated from IP: 112.135.73.107',NULL,NULL,'112.135.73.107','Mozilla/5.0 (Windows NT 10.0; Win64; x64) AppleWebKit/537.36 (KHTML, like Gecko) Chrome/143.0.0.0 Safari/537.36 Edg/143.0.0.0','2025-12-10 00:45:35'),(40,NULL,'logout_failed','Logout attempted without valid session from IP: 11','Logout attempted without valid session from IP: 112.135.73.107',NULL,NULL,'112.135.73.107','Mozilla/5.0 (Windows NT 10.0; Win64; x64) AppleWebKit/537.36 (KHTML, like Gecko) Chrome/143.0.0.0 Safari/537.36 Edg/143.0.0.0','2025-12-10 00:45:35'),(41,1,'login','User logged in successfully','User logged in successfully',NULL,NULL,'112.135.73.107','Mozilla/5.0 (Windows NT 10.0; Win64; x64) AppleWebKit/537.36 (KHTML, like Gecko) Chrome/143.0.0.0 Safari/537.36 Edg/143.0.0.0','2025-12-10 01:33:01'),(42,1,'login_success','User logged in successfully: moha_admin','User logged in successfully: moha_admin',NULL,NULL,'112.135.73.107','Mozilla/5.0 (Windows NT 10.0; Win64; x64) AppleWebKit/537.36 (KHTML, like Gecko) Chrome/143.0.0.0 Safari/537.36 Edg/143.0.0.0','2025-12-10 01:33:01'),(43,1,'login','User logged in successfully','User logged in successfully',NULL,NULL,'112.135.73.107','Mozilla/5.0 (Windows NT 10.0; Win64; x64) AppleWebKit/537.36 (KHTML, like Gecko) Chrome/143.0.0.0 Safari/537.36 Edg/143.0.0.0','2025-12-10 01:35:24'),(44,1,'login_success','User logged in successfully: moha_admin','User logged in successfully: moha_admin',NULL,NULL,'112.135.73.107','Mozilla/5.0 (Windows NT 10.0; Win64; x64) AppleWebKit/537.36 (KHTML, like Gecko) Chrome/143.0.0.0 Safari/537.36 Edg/143.0.0.0','2025-12-10 01:35:24'),(45,1,'password_reset','Password reset by moha_admin for district_mannar','Password reset by moha_admin for district_mannar',NULL,NULL,'112.135.73.107','Mozilla/5.0 (Windows NT 10.0; Win64; x64) AppleWebKit/537.36 (KHTML, like Gecko) Chrome/143.0.0.0 Safari/537.36 Edg/143.0.0.0','2025-12-10 01:36:06'),(46,1,'password_reset','Reset password for district_mannar (district)','Reset password for district_mannar (district)',NULL,NULL,'112.135.73.107','Mozilla/5.0 (Windows NT 10.0; Win64; x64) AppleWebKit/537.36 (KHTML, like Gecko) Chrome/143.0.0.0 Safari/537.36 Edg/143.0.0.0','2025-12-10 01:36:06'),(47,NULL,'login_attempt','User not found: district_mannar','User not found: district_mannar',NULL,NULL,'112.135.73.107','Mozilla/5.0 (Windows NT 10.0; Win64; x64) AppleWebKit/537.36 (KHTML, like Gecko) Chrome/143.0.0.0 Safari/537.36 Edg/143.0.0.0','2025-12-10 01:38:07'),(48,16,'login','User logged in successfully','User logged in successfully',NULL,NULL,'112.135.73.107','Mozilla/5.0 (Windows NT 10.0; Win64; x64) AppleWebKit/537.36 (KHTML, like Gecko) Chrome/143.0.0.0 Safari/537.36 Edg/143.0.0.0','2025-12-10 01:43:40'),(49,16,'login_success','User logged in successfully: district_mannar','User logged in successfully: district_mannar',NULL,NULL,'112.135.73.107','Mozilla/5.0 (Windows NT 10.0; Win64; x64) AppleWebKit/537.36 (KHTML, like Gecko) Chrome/143.0.0.0 Safari/537.36 Edg/143.0.0.0','2025-12-10 01:43:40'),(50,1,'login','User logged in successfully','User logged in successfully',NULL,NULL,'112.135.73.107','Mozilla/5.0 (Windows NT 10.0; Win64; x64) AppleWebKit/537.36 (KHTML, like Gecko) Chrome/143.0.0.0 Safari/537.36 Edg/143.0.0.0','2025-12-10 01:59:19'),(51,1,'login_success','User logged in successfully: moha_admin','User logged in successfully: moha_admin',NULL,NULL,'112.135.73.107','Mozilla/5.0 (Windows NT 10.0; Win64; x64) AppleWebKit/537.36 (KHTML, like Gecko) Chrome/143.0.0.0 Safari/537.36 Edg/143.0.0.0','2025-12-10 01:59:19'),(52,16,'login','User logged in successfully','User logged in successfully',NULL,NULL,'112.135.73.107','Mozilla/5.0 (Windows NT 10.0; Win64; x64) AppleWebKit/537.36 (KHTML, like Gecko) Chrome/143.0.0.0 Safari/537.36 Edg/143.0.0.0','2025-12-10 02:03:26'),(53,16,'login_success','User logged in successfully: district_mannar','User logged in successfully: district_mannar',NULL,NULL,'112.135.73.107','Mozilla/5.0 (Windows NT 10.0; Win64; x64) AppleWebKit/537.36 (KHTML, like Gecko) Chrome/143.0.0.0 Safari/537.36 Edg/143.0.0.0','2025-12-10 02:03:26'),(54,16,'password_reset','Password reset by district_mannar for division_man','Password reset by district_mannar for division_mannar_town',NULL,NULL,'112.135.64.38','Mozilla/5.0 (Windows NT 10.0; Win64; x64) AppleWebKit/537.36 (KHTML, like Gecko) Chrome/143.0.0.0 Safari/537.36 Edg/143.0.0.0','2025-12-10 02:14:26'),(55,16,'password_reset','Reset password for division_mannar_town (division)','Reset password for division_mannar_town (division)',NULL,NULL,'112.135.64.38','Mozilla/5.0 (Windows NT 10.0; Win64; x64) AppleWebKit/537.36 (KHTML, like Gecko) Chrome/143.0.0.0 Safari/537.36 Edg/143.0.0.0','2025-12-10 02:14:26'),(56,16,'password_reset','Password reset by district_mannar for division_man','Password reset by district_mannar for division_mannar_town',NULL,NULL,'112.135.64.38','Mozilla/5.0 (Windows NT 10.0; Win64; x64) AppleWebKit/537.36 (KHTML, like Gecko) Chrome/143.0.0.0 Safari/537.36 Edg/143.0.0.0','2025-12-10 02:15:32'),(57,16,'password_reset','Reset password for division_mannar_town (division)','Reset password for division_mannar_town (division)',NULL,NULL,'112.135.64.38','Mozilla/5.0 (Windows NT 10.0; Win64; x64) AppleWebKit/537.36 (KHTML, like Gecko) Chrome/143.0.0.0 Safari/537.36 Edg/143.0.0.0','2025-12-10 02:15:32'),(58,28,'login_attempt','Wrong password for: division_mannar_town','Wrong password for: division_mannar_town',NULL,NULL,'112.135.64.38','Mozilla/5.0 (Windows NT 10.0; Win64; x64) AppleWebKit/537.36 (KHTML, like Gecko) Chrome/143.0.0.0 Safari/537.36 Edg/143.0.0.0','2025-12-10 02:16:23'),(59,28,'login_attempt','Wrong password for: division_mannar_town','Wrong password for: division_mannar_town',NULL,NULL,'112.135.64.38','Mozilla/5.0 (Windows NT 10.0; Win64; x64) AppleWebKit/537.36 (KHTML, like Gecko) Chrome/143.0.0.0 Safari/537.36 Edg/143.0.0.0','2025-12-10 02:16:58'),(60,16,'login','User logged in successfully','User logged in successfully',NULL,NULL,'112.135.64.38','Mozilla/5.0 (Windows NT 10.0; Win64; x64) AppleWebKit/537.36 (KHTML, like Gecko) Chrome/143.0.0.0 Safari/537.36 Edg/143.0.0.0','2025-12-10 02:17:14'),(61,16,'login_success','User logged in successfully: district_mannar','User logged in successfully: district_mannar',NULL,NULL,'112.135.64.38','Mozilla/5.0 (Windows NT 10.0; Win64; x64) AppleWebKit/537.36 (KHTML, like Gecko) Chrome/143.0.0.0 Safari/537.36 Edg/143.0.0.0','2025-12-10 02:17:14'),(62,16,'login','User logged in successfully','User logged in successfully',NULL,NULL,'112.135.70.124','Mozilla/5.0 (Windows NT 10.0; Win64; x64) AppleWebKit/537.36 (KHTML, like Gecko) Chrome/143.0.0.0 Safari/537.36 Edg/143.0.0.0','2025-12-10 03:26:10'),(63,16,'login_success','User logged in successfully: district_mannar','User logged in successfully: district_mannar',NULL,NULL,'112.135.70.124','Mozilla/5.0 (Windows NT 10.0; Win64; x64) AppleWebKit/537.36 (KHTML, like Gecko) Chrome/143.0.0.0 Safari/537.36 Edg/143.0.0.0','2025-12-10 03:26:10'),(64,16,'password_reset','Password reset by district_mannar for division_man','Password reset by district_mannar for division_mannar_town',NULL,NULL,'112.135.70.124','Mozilla/5.0 (Windows NT 10.0; Win64; x64) AppleWebKit/537.36 (KHTML, like Gecko) Chrome/143.0.0.0 Safari/537.36 Edg/143.0.0.0','2025-12-10 03:32:34'),(65,16,'password_reset','Reset password for division_mannar_town (division)','Reset password for division_mannar_town (division)',NULL,NULL,'112.135.70.124','Mozilla/5.0 (Windows NT 10.0; Win64; x64) AppleWebKit/537.36 (KHTML, like Gecko) Chrome/143.0.0.0 Safari/537.36 Edg/143.0.0.0','2025-12-10 03:32:34'),(66,28,'login','User logged in successfully','User logged in successfully',NULL,NULL,'112.135.70.124','Mozilla/5.0 (Windows NT 10.0; Win64; x64) AppleWebKit/537.36 (KHTML, like Gecko) Chrome/143.0.0.0 Safari/537.36 Edg/143.0.0.0','2025-12-10 03:33:49'),(67,28,'login_success','User logged in successfully: division_mannar_town','User logged in successfully: division_mannar_town',NULL,NULL,'112.135.70.124','Mozilla/5.0 (Windows NT 10.0; Win64; x64) AppleWebKit/537.36 (KHTML, like Gecko) Chrome/143.0.0.0 Safari/537.36 Edg/143.0.0.0','2025-12-10 03:33:49'),(68,16,'login','User logged in successfully','User logged in successfully',NULL,NULL,'112.135.70.124','Mozilla/5.0 (Windows NT 10.0; Win64; x64) AppleWebKit/537.36 (KHTML, like Gecko) Chrome/143.0.0.0 Safari/537.36 Edg/143.0.0.0','2025-12-10 03:50:30'),(69,16,'login_success','User logged in successfully: district_mannar','User logged in successfully: district_mannar',NULL,NULL,'112.135.70.124','Mozilla/5.0 (Windows NT 10.0; Win64; x64) AppleWebKit/537.36 (KHTML, like Gecko) Chrome/143.0.0.0 Safari/537.36 Edg/143.0.0.0','2025-12-10 03:50:30'),(70,28,'login','User logged in successfully','User logged in successfully',NULL,NULL,'112.135.70.124','Mozilla/5.0 (Windows NT 10.0; Win64; x64) AppleWebKit/537.36 (KHTML, like Gecko) Chrome/143.0.0.0 Safari/537.36 Edg/143.0.0.0','2025-12-10 03:50:59'),(71,28,'login_success','User logged in successfully: division_mannar_town','User logged in successfully: division_mannar_town',NULL,NULL,'112.135.70.124','Mozilla/5.0 (Windows NT 10.0; Win64; x64) AppleWebKit/537.36 (KHTML, like Gecko) Chrome/143.0.0.0 Safari/537.36 Edg/143.0.0.0','2025-12-10 03:50:59'),(72,28,'password_reset','Password reset by division_mannar_town for gn_4-2-','Password reset by division_mannar_town for gn_4-2-3-2-150',NULL,NULL,'112.135.70.124','Mozilla/5.0 (Windows NT 10.0; Win64; x64) AppleWebKit/537.36 (KHTML, like Gecko) Chrome/143.0.0.0 Safari/537.36 Edg/143.0.0.0','2025-12-10 04:01:44'),(73,28,'password_reset','Reset password for gn_4-2-3-2-150 (gn)','Reset password for gn_4-2-3-2-150 (gn)',NULL,NULL,'112.135.70.124','Mozilla/5.0 (Windows NT 10.0; Win64; x64) AppleWebKit/537.36 (KHTML, like Gecko) Chrome/143.0.0.0 Safari/537.36 Edg/143.0.0.0','2025-12-10 04:01:44'),(74,28,'password_reset','Password reset by division_mannar_town for gn_4-2-','Password reset by division_mannar_town for gn_4-2-3-2-150',NULL,NULL,'112.135.70.124','Mozilla/5.0 (Windows NT 10.0; Win64; x64) AppleWebKit/537.36 (KHTML, like Gecko) Chrome/143.0.0.0 Safari/537.36 Edg/143.0.0.0','2025-12-10 04:02:37'),(75,28,'password_reset','Reset password for gn_4-2-3-2-150 (gn)','Reset password for gn_4-2-3-2-150 (gn)',NULL,NULL,'112.135.70.124','Mozilla/5.0 (Windows NT 10.0; Win64; x64) AppleWebKit/537.36 (KHTML, like Gecko) Chrome/143.0.0.0 Safari/537.36 Edg/143.0.0.0','2025-12-10 04:02:37'),(76,NULL,'login_attempt','User not found: gn_4-2-3-2-150','User not found: gn_4-2-3-2-150',NULL,NULL,'112.135.70.124','Mozilla/5.0 (Windows NT 10.0; Win64; x64) AppleWebKit/537.36 (KHTML, like Gecko) Chrome/143.0.0.0 Safari/537.36 Edg/143.0.0.0','2025-12-10 04:03:39'),(77,32,'login','User logged in successfully','User logged in successfully',NULL,NULL,'112.135.70.124','Mozilla/5.0 (Windows NT 10.0; Win64; x64) AppleWebKit/537.36 (KHTML, like Gecko) Chrome/143.0.0.0 Safari/537.36 Edg/143.0.0.0','2025-12-10 04:05:29'),(78,32,'login_success','User logged in successfully: gn_4-2-3-2-150','User logged in successfully: gn_4-2-3-2-150',NULL,NULL,'112.135.70.124','Mozilla/5.0 (Windows NT 10.0; Win64; x64) AppleWebKit/537.36 (KHTML, like Gecko) Chrome/143.0.0.0 Safari/537.36 Edg/143.0.0.0','2025-12-10 04:05:29'),(79,32,'login','User logged in successfully','User logged in successfully',NULL,NULL,'175.157.115.134','Mozilla/5.0 (Windows NT 10.0; Win64; x64) AppleWebKit/537.36 (KHTML, like Gecko) Chrome/143.0.0.0 Safari/537.36 Edg/143.0.0.0','2025-12-10 05:11:38'),(80,32,'login_success','User logged in successfully: gn_4-2-3-2-150','User logged in successfully: gn_4-2-3-2-150',NULL,NULL,'175.157.115.134','Mozilla/5.0 (Windows NT 10.0; Win64; x64) AppleWebKit/537.36 (KHTML, like Gecko) Chrome/143.0.0.0 Safari/537.36 Edg/143.0.0.0','2025-12-10 05:11:38'),(81,32,'login','User logged in successfully','User logged in successfully',NULL,NULL,'112.135.75.234','Mozilla/5.0 (Windows NT 10.0; Win64; x64) AppleWebKit/537.36 (KHTML, like Gecko) Chrome/143.0.0.0 Safari/537.36 Edg/143.0.0.0','2025-12-10 07:09:15'),(82,32,'login_success','User logged in successfully: gn_4-2-3-2-150','User logged in successfully: gn_4-2-3-2-150',NULL,NULL,'112.135.75.234','Mozilla/5.0 (Windows NT 10.0; Win64; x64) AppleWebKit/537.36 (KHTML, like Gecko) Chrome/143.0.0.0 Safari/537.36 Edg/143.0.0.0','2025-12-10 07:09:15'),(83,32,'login','User logged in successfully','User logged in successfully',NULL,NULL,'112.135.75.234','Mozilla/5.0 (Windows NT 10.0; Win64; x64) AppleWebKit/537.36 (KHTML, like Gecko) Chrome/143.0.0.0 Safari/537.36 Edg/143.0.0.0','2025-12-10 07:16:13'),(84,32,'login_success','User logged in successfully: gn_4-2-3-2-150','User logged in successfully: gn_4-2-3-2-150',NULL,NULL,'112.135.75.234','Mozilla/5.0 (Windows NT 10.0; Win64; x64) AppleWebKit/537.36 (KHTML, like Gecko) Chrome/143.0.0.0 Safari/537.36 Edg/143.0.0.0','2025-12-10 07:16:13'),(85,32,'create_family','families','42321251210124',NULL,'Members: 1','112.135.75.234','Mozilla/5.0 (Windows NT 10.0; Win64; x64) AppleWebKit/537.36 (KHTML, like Gecko) Chrome/143.0.0.0 Safari/537.36 Edg/143.0.0.0','2025-12-10 07:17:53'),(86,32,'login','User logged in successfully','User logged in successfully',NULL,NULL,'10.4.56.116','Mozilla/5.0 (Windows NT 10.0; Win64; x64) AppleWebKit/537.36 (KHTML, like Gecko) Chrome/143.0.0.0 Safari/537.36 Edg/143.0.0.0','2025-12-10 08:57:23'),(87,32,'login_success','User logged in successfully: gn_4-2-3-2-150','User logged in successfully: gn_4-2-3-2-150',NULL,NULL,'10.4.56.116','Mozilla/5.0 (Windows NT 10.0; Win64; x64) AppleWebKit/537.36 (KHTML, like Gecko) Chrome/143.0.0.0 Safari/537.36 Edg/143.0.0.0','2025-12-10 08:57:23'),(88,32,'create','families','42321210154109',NULL,NULL,'112.135.67.23','Mozilla/5.0 (Windows NT 10.0; Win64; x64) AppleWebKit/537.36 (KHTML, like Gecko) Chrome/143.0.0.0 Safari/537.36 Edg/143.0.0.0','2025-12-10 10:11:09'),(89,32,'create','families','42321210154152',NULL,NULL,'112.135.67.23','Mozilla/5.0 (Windows NT 10.0; Win64; x64) AppleWebKit/537.36 (KHTML, like Gecko) Chrome/143.0.0.0 Safari/537.36 Edg/143.0.0.0','2025-12-10 10:11:52'),(90,32,'create','families','42321210154309',NULL,NULL,'112.135.67.23','Mozilla/5.0 (Windows NT 10.0; Win64; x64) AppleWebKit/537.36 (KHTML, like Gecko) Chrome/143.0.0.0 Safari/537.36 Edg/143.0.0.0','2025-12-10 10:13:09'),(91,32,'add_member','citizens','42321210154109',NULL,'{\"family_id\":\"42321210154109\",\"member_name\":\"Vimala\",\"relation\":\"Wife\"}',NULL,NULL,'2025-12-10 11:51:03'),(92,32,'add_member','citizens','42321210154109',NULL,'{\"family_id\":\"42321210154109\",\"member_name\":\"Vimala sfdsf\",\"relation\":\"Wife\"}',NULL,NULL,'2025-12-10 11:51:33'),(93,32,'add_member','citizens','42321210154109',NULL,'{\"family_id\":\"42321210154109\",\"member_name\":\"Vimala szsdfasd\",\"relation\":\"Mother\"}',NULL,NULL,'2025-12-10 11:52:02'),(94,32,'create','families','42321210173101',NULL,NULL,'112.135.67.23','Mozilla/5.0 (Windows NT 10.0; Win64; x64) AppleWebKit/537.36 (KHTML, like Gecko) Chrome/143.0.0.0 Safari/537.36 Edg/143.0.0.0','2025-12-10 12:01:01'),(95,32,'create','families','42321210173215',NULL,NULL,'112.135.67.23','Mozilla/5.0 (Windows NT 10.0; Win64; x64) AppleWebKit/537.36 (KHTML, like Gecko) Chrome/143.0.0.0 Safari/537.36 Edg/143.0.0.0','2025-12-10 12:02:15'),(96,32,'create','families','42321210181342',NULL,NULL,'112.135.67.23','Mozilla/5.0 (Windows NT 10.0; Win64; x64) AppleWebKit/537.36 (KHTML, like Gecko) Chrome/143.0.0.0 Safari/537.36 Edg/143.0.0.0','2025-12-10 12:43:42'),(97,32,'add_member','citizens','42321210181342',NULL,'{\"family_id\":\"42321210181342\",\"member_name\":\"Vimala Conji\",\"relation\":\"Wife\"}',NULL,NULL,'2025-12-10 12:45:16'),(98,32,'login','User logged in successfully','User logged in successfully',NULL,NULL,'112.135.76.215','Mozilla/5.0 (Windows NT 10.0; Win64; x64) AppleWebKit/537.36 (KHTML, like Gecko) Chrome/143.0.0.0 Safari/537.36 Edg/143.0.0.0','2025-12-10 16:04:05'),(99,32,'login_success','User logged in successfully: gn_4-2-3-2-150','User logged in successfully: gn_4-2-3-2-150',NULL,NULL,'112.135.76.215','Mozilla/5.0 (Windows NT 10.0; Win64; x64) AppleWebKit/537.36 (KHTML, like Gecko) Chrome/143.0.0.0 Safari/537.36 Edg/143.0.0.0','2025-12-10 16:04:05'),(100,32,'create','families','42321210221016',NULL,NULL,'112.135.76.215','Mozilla/5.0 (Windows NT 10.0; Win64; x64) AppleWebKit/537.36 (KHTML, like Gecko) Chrome/143.0.0.0 Safari/537.36 Edg/143.0.0.0','2025-12-10 16:40:16'),(101,1,'login','User logged in successfully','User logged in successfully',NULL,NULL,'112.135.76.215','Mozilla/5.0 (Windows NT 10.0; Win64; x64) AppleWebKit/537.36 (KHTML, like Gecko) Chrome/143.0.0.0 Safari/537.36 Edg/143.0.0.0','2025-12-10 16:56:12'),(102,1,'login_success','User logged in successfully: moha_admin','User logged in successfully: moha_admin',NULL,NULL,'112.135.76.215','Mozilla/5.0 (Windows NT 10.0; Win64; x64) AppleWebKit/537.36 (KHTML, like Gecko) Chrome/143.0.0.0 Safari/537.36 Edg/143.0.0.0','2025-12-10 16:56:12'),(103,32,'login','User logged in successfully','User logged in successfully',NULL,NULL,'112.135.76.215','Mozilla/5.0 (Windows NT 10.0; Win64; x64) AppleWebKit/537.36 (KHTML, like Gecko) Chrome/143.0.0.0 Safari/537.36 Edg/143.0.0.0','2025-12-10 17:05:57'),(104,32,'login_success','User logged in successfully: gn_4-2-3-2-150','User logged in successfully: gn_4-2-3-2-150',NULL,NULL,'112.135.76.215','Mozilla/5.0 (Windows NT 10.0; Win64; x64) AppleWebKit/537.36 (KHTML, like Gecko) Chrome/143.0.0.0 Safari/537.36 Edg/143.0.0.0','2025-12-10 17:05:57'),(105,32,'login','User logged in successfully','User logged in successfully',NULL,NULL,'112.135.76.215','Mozilla/5.0 (Windows NT 10.0; Win64; x64) AppleWebKit/537.36 (KHTML, like Gecko) Chrome/143.0.0.0 Safari/537.36 Edg/143.0.0.0','2025-12-11 00:59:42'),(106,32,'login_success','User logged in successfully: gn_4-2-3-2-150','User logged in successfully: gn_4-2-3-2-150',NULL,NULL,'112.135.76.215','Mozilla/5.0 (Windows NT 10.0; Win64; x64) AppleWebKit/537.36 (KHTML, like Gecko) Chrome/143.0.0.0 Safari/537.36 Edg/143.0.0.0','2025-12-11 00:59:42'),(107,32,'update_member','citizens','2',NULL,'{\"citizen_id\":2,\"member_name\":\"Vimala Conji croos\",\"family_id\":\"42321210181342\",\"changes\":{\"full_name\":\"Vimala Conji croos\",\"name_with_initials\":\"Vimala Conji\",\"gender\":\"male\",\"date_of_birth\":\"1986-07-09\",\"relation_to_head\":\"Wife\",\"marital_status\":\"married\",\"identification_type\":\"nic\",\"identification_number\":\"19860200336\",\"ethnicity\":\"Sinhala\",\"religion\":\"Hindu\",\"mobile_phone\":\"0706034512\",\"home_phone\":\"\",\"email\":\"syscgaa@gmail.com\",\"member_address\":\"kjbjbjb\",\"is_alive\":\"1\"}}',NULL,NULL,'2025-12-11 01:48:52'),(108,32,'add_member','citizens','42321210181342',NULL,'{\"family_id\":\"42321210181342\",\"member_name\":\"Suganya\",\"relation\":\"Daughter\"}',NULL,NULL,'2025-12-11 01:55:15'),(109,32,'login','User logged in successfully','User logged in successfully',NULL,NULL,'112.135.69.10','Mozilla/5.0 (Windows NT 10.0; Win64; x64) AppleWebKit/537.36 (KHTML, like Gecko) Chrome/143.0.0.0 Safari/537.36 Edg/143.0.0.0','2025-12-11 03:44:42'),(110,32,'login_success','User logged in successfully: gn_4-2-3-2-150','User logged in successfully: gn_4-2-3-2-150',NULL,NULL,'112.135.69.10','Mozilla/5.0 (Windows NT 10.0; Win64; x64) AppleWebKit/537.36 (KHTML, like Gecko) Chrome/143.0.0.0 Safari/537.36 Edg/143.0.0.0','2025-12-11 03:44:42'),(111,32,'login','User logged in successfully','User logged in successfully',NULL,NULL,'112.135.69.10','Mozilla/5.0 (Windows NT 10.0; Win64; x64) AppleWebKit/537.36 (KHTML, like Gecko) Chrome/143.0.0.0 Safari/537.36 Edg/143.0.0.0','2025-12-11 04:47:48'),(112,32,'login_success','User logged in successfully: gn_4-2-3-2-150','User logged in successfully: gn_4-2-3-2-150',NULL,NULL,'112.135.69.10','Mozilla/5.0 (Windows NT 10.0; Win64; x64) AppleWebKit/537.36 (KHTML, like Gecko) Chrome/143.0.0.0 Safari/537.36 Edg/143.0.0.0','2025-12-11 04:47:48'),(113,32,'create','families','42321211103654',NULL,NULL,'112.135.69.10','Mozilla/5.0 (Windows NT 10.0; Win64; x64) AppleWebKit/537.36 (KHTML, like Gecko) Chrome/143.0.0.0 Safari/537.36 Edg/143.0.0.0','2025-12-11 05:06:54'),(114,32,'add_member','citizens','42321211103654',NULL,'{\"family_id\":\"42321211103654\",\"member_name\":\"Vimalanathan\",\"relation\":\"Wife\"}',NULL,NULL,'2025-12-11 05:08:24'),(115,32,'add_member','citizens','42321211103654',NULL,'{\"family_id\":\"42321211103654\",\"member_name\":\"Vimalanathan\",\"relation\":\"Wife\"}',NULL,NULL,'2025-12-11 05:12:42'),(116,32,'delete','families','42321210221016','{\"family_id\":\"42321210221016\",\"address\":\"Main street\",\"total_members\":1}',NULL,'112.135.69.10','Mozilla/5.0 (Windows NT 10.0; Win64; x64) AppleWebKit/537.36 (KHTML, like Gecko) Chrome/143.0.0.0 Safari/537.36 Edg/143.0.0.0','2025-12-11 05:14:05'),(117,32,'login','User logged in successfully','User logged in successfully',NULL,NULL,'112.135.69.10','Mozilla/5.0 (Windows NT 10.0; Win64; x64) AppleWebKit/537.36 (KHTML, like Gecko) Chrome/143.0.0.0 Safari/537.36 Edg/143.0.0.0','2025-12-11 05:28:06'),(118,32,'login_success','User logged in successfully: gn_4-2-3-2-150','User logged in successfully: gn_4-2-3-2-150',NULL,NULL,'112.135.69.10','Mozilla/5.0 (Windows NT 10.0; Win64; x64) AppleWebKit/537.36 (KHTML, like Gecko) Chrome/143.0.0.0 Safari/537.36 Edg/143.0.0.0','2025-12-11 05:28:06'),(119,32,'update_citizen','citizens','4','{\"citizen_id\":4,\"family_id\":\"42321210181342\",\"identification_type\":\"nic\",\"identification_number\":\"854565435V\",\"full_name\":\"Suganya\",\"name_with_initials\":\"M. Sugsnya\",\"gender\":\"male\",\"date_of_birth\":\"1967-11-05\",\"ethnicity\":\"Tamil\",\"religion\":\"Hindu\",\"mobile_phone\":\"0770034512\",\"home_phone\":\"0770080345\",\"email\":\"itbarath@gmail.com\",\"address\":\"New files\",\"relation_to_head\":\"Daughter\",\"marital_status\":\"single\",\"is_alive\":1,\"created_at\":\"2025-12-11 07:25:15\",\"updated_at\":\"2025-12-11 07:25:15\"}','{\"full_name\":\"Suganya\",\"identification_number\":\"854565435V\",\"date_of_birth\":\"1967-11-05\",\"gender\":\"male\",\"relation_to_head\":\"Self\"}',NULL,NULL,'2025-12-11 05:31:47'),(120,32,'transfer_request','transfer_history','TRF202512111157073255',NULL,'{\"family_id\":\"42321210181342\",\"from_gn\":\"4-2-3-2-150\",\"to_gn\":\"4-2-6-1-165\",\"reason\":\"Relocation\",\"status\":\"pending\"}','112.135.69.10','Mozilla/5.0 (Windows NT 10.0; Win64; x64) AppleWebKit/537.36 (KHTML, like Gecko) Chrome/143.0.0.0 Safari/537.36 Edg/143.0.0.0','2025-12-11 06:27:07'),(121,28,'login','User logged in successfully','User logged in successfully',NULL,NULL,'112.135.69.10','Mozilla/5.0 (Windows NT 10.0; Win64; x64) AppleWebKit/537.36 (KHTML, like Gecko) Chrome/143.0.0.0 Safari/537.36 Edg/143.0.0.0','2025-12-11 07:35:40'),(122,28,'login_success','User logged in successfully: division_mannar_town','User logged in successfully: division_mannar_town',NULL,NULL,'112.135.69.10','Mozilla/5.0 (Windows NT 10.0; Win64; x64) AppleWebKit/537.36 (KHTML, like Gecko) Chrome/143.0.0.0 Safari/537.36 Edg/143.0.0.0','2025-12-11 07:35:40'),(123,32,'login','User logged in successfully','User logged in successfully',NULL,NULL,'112.135.69.10','Mozilla/5.0 (Windows NT 10.0; Win64; x64) AppleWebKit/537.36 (KHTML, like Gecko) Chrome/143.0.0.0 Safari/537.36 Edg/143.0.0.0','2025-12-11 07:40:12'),(124,32,'login_success','User logged in successfully: gn_4-2-3-2-150','User logged in successfully: gn_4-2-3-2-150',NULL,NULL,'112.135.69.10','Mozilla/5.0 (Windows NT 10.0; Win64; x64) AppleWebKit/537.36 (KHTML, like Gecko) Chrome/143.0.0.0 Safari/537.36 Edg/143.0.0.0','2025-12-11 07:40:12'),(125,NULL,'login_attempt','User not found: divisional_admin','User not found: divisional_admin',NULL,NULL,'112.135.78.3','Mozilla/5.0 (Windows NT 10.0; Win64; x64) AppleWebKit/537.36 (KHTML, like Gecko) Chrome/143.0.0.0 Safari/537.36 Edg/143.0.0.0','2025-12-11 08:32:22'),(126,NULL,'login_attempt','User not found: divisional_admin','User not found: divisional_admin',NULL,NULL,'112.135.78.3','Mozilla/5.0 (Windows NT 10.0; Win64; x64) AppleWebKit/537.36 (KHTML, like Gecko) Chrome/143.0.0.0 Safari/537.36 Edg/143.0.0.0','2025-12-11 08:32:28'),(127,32,'login','User logged in successfully','User logged in successfully',NULL,NULL,'112.135.78.3','Mozilla/5.0 (Windows NT 10.0; Win64; x64) AppleWebKit/537.36 (KHTML, like Gecko) Chrome/143.0.0.0 Safari/537.36 Edg/143.0.0.0','2025-12-11 08:32:46'),(128,32,'login_success','User logged in successfully: gn_4-2-3-2-150','User logged in successfully: gn_4-2-3-2-150',NULL,NULL,'112.135.78.3','Mozilla/5.0 (Windows NT 10.0; Win64; x64) AppleWebKit/537.36 (KHTML, like Gecko) Chrome/143.0.0.0 Safari/537.36 Edg/143.0.0.0','2025-12-11 08:32:46'),(129,32,'transfer_request','transfer_history','TRF202512111459104275',NULL,'{\"family_id\":\"42321211103654\",\"from_gn\":\"4-2-3-2-150\",\"to_gn\":\"4-2-3-2-140\",\"reason\":\"Marriage\",\"status\":\"pending\"}','112.135.76.86','Mozilla/5.0 (Windows NT 10.0; Win64; x64) AppleWebKit/537.36 (KHTML, like Gecko) Chrome/143.0.0.0 Safari/537.36 Edg/143.0.0.0','2025-12-11 09:29:10'),(130,32,'login','User logged in successfully','User logged in successfully',NULL,NULL,'112.135.76.86','Mozilla/5.0 (Windows NT 10.0; Win64; x64) AppleWebKit/537.36 (KHTML, like Gecko) Chrome/143.0.0.0 Safari/537.36 Edg/143.0.0.0','2025-12-11 10:20:04'),(131,32,'login_success','User logged in successfully: gn_4-2-3-2-150','User logged in successfully: gn_4-2-3-2-150',NULL,NULL,'112.135.76.86','Mozilla/5.0 (Windows NT 10.0; Win64; x64) AppleWebKit/537.36 (KHTML, like Gecko) Chrome/143.0.0.0 Safari/537.36 Edg/143.0.0.0','2025-12-11 10:20:04'),(132,NULL,'login_attempt','User not found: divisional_admin','User not found: divisional_admin',NULL,NULL,'112.135.76.86','Mozilla/5.0 (Windows NT 10.0; Win64; x64) AppleWebKit/537.36 (KHTML, like Gecko) Chrome/143.0.0.0 Safari/537.36 Edg/143.0.0.0','2025-12-11 10:20:26'),(133,28,'login','User logged in successfully','User logged in successfully',NULL,NULL,'112.135.76.86','Mozilla/5.0 (Windows NT 10.0; Win64; x64) AppleWebKit/537.36 (KHTML, like Gecko) Chrome/143.0.0.0 Safari/537.36 Edg/143.0.0.0','2025-12-11 10:20:39'),(134,28,'login_success','User logged in successfully: division_mannar_town','User logged in successfully: division_mannar_town',NULL,NULL,'112.135.76.86','Mozilla/5.0 (Windows NT 10.0; Win64; x64) AppleWebKit/537.36 (KHTML, like Gecko) Chrome/143.0.0.0 Safari/537.36 Edg/143.0.0.0','2025-12-11 10:20:39'),(135,28,'login','User logged in successfully','User logged in successfully',NULL,NULL,'112.135.76.86','Mozilla/5.0 (Windows NT 10.0; Win64; x64) AppleWebKit/537.36 (KHTML, like Gecko) Chrome/143.0.0.0 Safari/537.36 Edg/143.0.0.0','2025-12-11 10:35:24'),(136,28,'login_success','User logged in successfully: division_mannar_town','User logged in successfully: division_mannar_town',NULL,NULL,'112.135.76.86','Mozilla/5.0 (Windows NT 10.0; Win64; x64) AppleWebKit/537.36 (KHTML, like Gecko) Chrome/143.0.0.0 Safari/537.36 Edg/143.0.0.0','2025-12-11 10:35:24'),(137,28,'login','User logged in successfully','User logged in successfully',NULL,NULL,'112.135.76.248','Mozilla/5.0 (Windows NT 10.0; Win64; x64) AppleWebKit/537.36 (KHTML, like Gecko) Chrome/143.0.0.0 Safari/537.36 Edg/143.0.0.0','2025-12-11 22:48:27'),(138,28,'login_success','User logged in successfully: division_mannar_town','User logged in successfully: division_mannar_town',NULL,NULL,'112.135.76.248','Mozilla/5.0 (Windows NT 10.0; Win64; x64) AppleWebKit/537.36 (KHTML, like Gecko) Chrome/143.0.0.0 Safari/537.36 Edg/143.0.0.0','2025-12-11 22:48:27'),(139,16,'login','User logged in successfully','User logged in successfully',NULL,NULL,'112.135.76.248','Mozilla/5.0 (Windows NT 10.0; Win64; x64) AppleWebKit/537.36 (KHTML, like Gecko) Chrome/143.0.0.0 Safari/537.36 Edg/143.0.0.0','2025-12-11 22:57:55'),(140,16,'login_success','User logged in successfully: district_mannar','User logged in successfully: district_mannar',NULL,NULL,'112.135.76.248','Mozilla/5.0 (Windows NT 10.0; Win64; x64) AppleWebKit/537.36 (KHTML, like Gecko) Chrome/143.0.0.0 Safari/537.36 Edg/143.0.0.0','2025-12-11 22:57:55'),(141,28,'login','User logged in successfully','User logged in successfully',NULL,NULL,'112.135.76.248','Mozilla/5.0 (Windows NT 10.0; Win64; x64) AppleWebKit/537.36 (KHTML, like Gecko) Chrome/143.0.0.0 Safari/537.36 Edg/143.0.0.0','2025-12-11 23:00:15'),(142,28,'login_success','User logged in successfully: division_mannar_town','User logged in successfully: division_mannar_town',NULL,NULL,'112.135.76.248','Mozilla/5.0 (Windows NT 10.0; Win64; x64) AppleWebKit/537.36 (KHTML, like Gecko) Chrome/143.0.0.0 Safari/537.36 Edg/143.0.0.0','2025-12-11 23:00:16'),(143,32,'login','User logged in successfully','User logged in successfully',NULL,NULL,'112.135.76.248','Mozilla/5.0 (Windows NT 10.0; Win64; x64) AppleWebKit/537.36 (KHTML, like Gecko) Chrome/143.0.0.0 Safari/537.36 Edg/143.0.0.0','2025-12-11 23:12:20'),(144,32,'login_success','User logged in successfully: gn_4-2-3-2-150','User logged in successfully: gn_4-2-3-2-150',NULL,NULL,'112.135.76.248','Mozilla/5.0 (Windows NT 10.0; Win64; x64) AppleWebKit/537.36 (KHTML, like Gecko) Chrome/143.0.0.0 Safari/537.36 Edg/143.0.0.0','2025-12-11 23:12:21'),(145,1,'login','User logged in successfully','User logged in successfully',NULL,NULL,'112.135.76.248','Mozilla/5.0 (Windows NT 10.0; Win64; x64) AppleWebKit/537.36 (KHTML, like Gecko) Chrome/143.0.0.0 Safari/537.36 Edg/143.0.0.0','2025-12-11 23:13:48'),(146,1,'login_success','User logged in successfully: moha_admin','User logged in successfully: moha_admin',NULL,NULL,'112.135.76.248','Mozilla/5.0 (Windows NT 10.0; Win64; x64) AppleWebKit/537.36 (KHTML, like Gecko) Chrome/143.0.0.0 Safari/537.36 Edg/143.0.0.0','2025-12-11 23:13:48'),(147,16,'login','User logged in successfully','User logged in successfully',NULL,NULL,'112.135.76.248','Mozilla/5.0 (Windows NT 10.0; Win64; x64) AppleWebKit/537.36 (KHTML, like Gecko) Chrome/143.0.0.0 Safari/537.36 Edg/143.0.0.0','2025-12-11 23:15:15'),(148,16,'login_success','User logged in successfully: district_mannar','User logged in successfully: district_mannar',NULL,NULL,'112.135.76.248','Mozilla/5.0 (Windows NT 10.0; Win64; x64) AppleWebKit/537.36 (KHTML, like Gecko) Chrome/143.0.0.0 Safari/537.36 Edg/143.0.0.0','2025-12-11 23:15:15'),(149,NULL,'login_attempt','User not found: divisional_admin','User not found: divisional_admin',NULL,NULL,'112.135.76.248','Mozilla/5.0 (Windows NT 10.0; Win64; x64) AppleWebKit/537.36 (KHTML, like Gecko) Chrome/143.0.0.0 Safari/537.36 Edg/143.0.0.0','2025-12-11 23:22:24'),(150,28,'login','User logged in successfully','User logged in successfully',NULL,NULL,'112.135.76.248','Mozilla/5.0 (Windows NT 10.0; Win64; x64) AppleWebKit/537.36 (KHTML, like Gecko) Chrome/143.0.0.0 Safari/537.36 Edg/143.0.0.0','2025-12-11 23:22:40'),(151,28,'login_success','User logged in successfully: division_mannar_town','User logged in successfully: division_mannar_town',NULL,NULL,'112.135.76.248','Mozilla/5.0 (Windows NT 10.0; Win64; x64) AppleWebKit/537.36 (KHTML, like Gecko) Chrome/143.0.0.0 Safari/537.36 Edg/143.0.0.0','2025-12-11 23:22:40'),(152,28,'password_reset','Password reset by division_mannar_town for gn_4-2-','Password reset by division_mannar_town for gn_4-2-3-2-110',NULL,NULL,'112.135.76.248','Mozilla/5.0 (Windows NT 10.0; Win64; x64) AppleWebKit/537.36 (KHTML, like Gecko) Chrome/143.0.0.0 Safari/537.36 Edg/143.0.0.0','2025-12-11 23:23:31'),(153,28,'password_reset','Reset password for gn_4-2-3-2-110 (gn)','Reset password for gn_4-2-3-2-110 (gn)',NULL,NULL,'112.135.76.248','Mozilla/5.0 (Windows NT 10.0; Win64; x64) AppleWebKit/537.36 (KHTML, like Gecko) Chrome/143.0.0.0 Safari/537.36 Edg/143.0.0.0','2025-12-11 23:23:31'),(154,28,'password_reset','Password reset by division_mannar_town for gn_4-2-','Password reset by division_mannar_town for gn_4-2-3-2-110',NULL,NULL,'112.135.76.248','Mozilla/5.0 (Windows NT 10.0; Win64; x64) AppleWebKit/537.36 (KHTML, like Gecko) Chrome/143.0.0.0 Safari/537.36 Edg/143.0.0.0','2025-12-11 23:31:49'),(155,28,'password_reset','Reset password for gn_4-2-3-2-110 (gn)','Reset password for gn_4-2-3-2-110 (gn)',NULL,NULL,'112.135.76.248','Mozilla/5.0 (Windows NT 10.0; Win64; x64) AppleWebKit/537.36 (KHTML, like Gecko) Chrome/143.0.0.0 Safari/537.36 Edg/143.0.0.0','2025-12-11 23:31:49'),(156,28,'password_reset','Password reset by division_mannar_town for gn_4-2-','Password reset by division_mannar_town for gn_4-2-3-2-110',NULL,NULL,'112.135.76.248','Mozilla/5.0 (Windows NT 10.0; Win64; x64) AppleWebKit/537.36 (KHTML, like Gecko) Chrome/143.0.0.0 Safari/537.36 Edg/143.0.0.0','2025-12-11 23:32:19'),(157,28,'password_reset','Reset password for gn_4-2-3-2-110 (gn)','Reset password for gn_4-2-3-2-110 (gn)',NULL,NULL,'112.135.76.248','Mozilla/5.0 (Windows NT 10.0; Win64; x64) AppleWebKit/537.36 (KHTML, like Gecko) Chrome/143.0.0.0 Safari/537.36 Edg/143.0.0.0','2025-12-11 23:32:19'),(158,28,'password_reset','Password reset by division_mannar_town for gn_4-2-','Password reset by division_mannar_town for gn_4-2-3-2-110',NULL,NULL,'112.135.76.248','Mozilla/5.0 (Windows NT 10.0; Win64; x64) AppleWebKit/537.36 (KHTML, like Gecko) Chrome/143.0.0.0 Safari/537.36 Edg/143.0.0.0','2025-12-11 23:32:44'),(159,28,'password_reset','Reset password for gn_4-2-3-2-110 (gn)','Reset password for gn_4-2-3-2-110 (gn)',NULL,NULL,'112.135.76.248','Mozilla/5.0 (Windows NT 10.0; Win64; x64) AppleWebKit/537.36 (KHTML, like Gecko) Chrome/143.0.0.0 Safari/537.36 Edg/143.0.0.0','2025-12-11 23:32:45'),(160,28,'password_reset','Password reset by division_mannar_town for gn_4-2-','Password reset by division_mannar_town for gn_4-2-3-2-110',NULL,NULL,'112.135.76.248','Mozilla/5.0 (Windows NT 10.0; Win64; x64) AppleWebKit/537.36 (KHTML, like Gecko) Chrome/143.0.0.0 Safari/537.36 Edg/143.0.0.0','2025-12-11 23:35:51'),(161,28,'password_reset','Reset password for gn_4-2-3-2-110 (gn)','Reset password for gn_4-2-3-2-110 (gn)',NULL,NULL,'112.135.76.248','Mozilla/5.0 (Windows NT 10.0; Win64; x64) AppleWebKit/537.36 (KHTML, like Gecko) Chrome/143.0.0.0 Safari/537.36 Edg/143.0.0.0','2025-12-11 23:35:51'),(162,28,'password_reset','Password reset by division_mannar_town for gn_4-2-','Password reset by division_mannar_town for gn_4-2-3-2-110',NULL,NULL,'112.135.76.248','Mozilla/5.0 (Windows NT 10.0; Win64; x64) AppleWebKit/537.36 (KHTML, like Gecko) Chrome/143.0.0.0 Safari/537.36 Edg/143.0.0.0','2025-12-11 23:37:57'),(163,28,'password_reset','Reset password for gn_4-2-3-2-110 (gn)','Reset password for gn_4-2-3-2-110 (gn)',NULL,NULL,'112.135.76.248','Mozilla/5.0 (Windows NT 10.0; Win64; x64) AppleWebKit/537.36 (KHTML, like Gecko) Chrome/143.0.0.0 Safari/537.36 Edg/143.0.0.0','2025-12-11 23:37:57'),(164,28,'password_reset','Password reset by division_mannar_town for gn_4-2-','Password reset by division_mannar_town for gn_4-2-3-2-110',NULL,NULL,'112.135.76.248','Mozilla/5.0 (Windows NT 10.0; Win64; x64) AppleWebKit/537.36 (KHTML, like Gecko) Chrome/143.0.0.0 Safari/537.36 Edg/143.0.0.0','2025-12-11 23:39:35'),(165,28,'password_reset','Reset password for gn_4-2-3-2-110 (gn)','Reset password for gn_4-2-3-2-110 (gn)',NULL,NULL,'112.135.76.248','Mozilla/5.0 (Windows NT 10.0; Win64; x64) AppleWebKit/537.36 (KHTML, like Gecko) Chrome/143.0.0.0 Safari/537.36 Edg/143.0.0.0','2025-12-11 23:39:35'),(166,28,'password_reset','Password reset by division_mannar_town for gn_4-2-','Password reset by division_mannar_town for gn_4-2-3-2-110',NULL,NULL,'112.135.76.248','Mozilla/5.0 (Windows NT 10.0; Win64; x64) AppleWebKit/537.36 (KHTML, like Gecko) Chrome/143.0.0.0 Safari/537.36 Edg/143.0.0.0','2025-12-11 23:39:58'),(167,28,'password_reset','Reset password for gn_4-2-3-2-110 (gn)','Reset password for gn_4-2-3-2-110 (gn)',NULL,NULL,'112.135.76.248','Mozilla/5.0 (Windows NT 10.0; Win64; x64) AppleWebKit/537.36 (KHTML, like Gecko) Chrome/143.0.0.0 Safari/537.36 Edg/143.0.0.0','2025-12-11 23:40:00'),(168,34,'login','User logged in successfully','User logged in successfully',NULL,NULL,'112.135.76.248','Mozilla/5.0 (Windows NT 10.0; Win64; x64) AppleWebKit/537.36 (KHTML, like Gecko) Chrome/143.0.0.0 Safari/537.36 Edg/143.0.0.0','2025-12-11 23:41:16'),(169,34,'login_success','User logged in successfully: gn_4-2-3-2-110','User logged in successfully: gn_4-2-3-2-110',NULL,NULL,'112.135.76.248','Mozilla/5.0 (Windows NT 10.0; Win64; x64) AppleWebKit/537.36 (KHTML, like Gecko) Chrome/143.0.0.0 Safari/537.36 Edg/143.0.0.0','2025-12-11 23:41:16'),(170,34,'login','User logged in successfully','User logged in successfully',NULL,NULL,'112.135.76.248','Mozilla/5.0 (Windows NT 10.0; Win64; x64) AppleWebKit/537.36 (KHTML, like Gecko) Chrome/143.0.0.0 Safari/537.36 Edg/143.0.0.0','2025-12-12 00:04:16'),(171,34,'login_success','User logged in successfully: gn_4-2-3-2-110','User logged in successfully: gn_4-2-3-2-110',NULL,NULL,'112.135.76.248','Mozilla/5.0 (Windows NT 10.0; Win64; x64) AppleWebKit/537.36 (KHTML, like Gecko) Chrome/143.0.0.0 Safari/537.36 Edg/143.0.0.0','2025-12-12 00:04:16'),(172,32,'login','User logged in successfully','User logged in successfully',NULL,NULL,'112.135.76.248','Mozilla/5.0 (Windows NT 10.0; Win64; x64) AppleWebKit/537.36 (KHTML, like Gecko) Chrome/143.0.0.0 Safari/537.36 Edg/143.0.0.0','2025-12-12 00:29:28'),(173,32,'login_success','User logged in successfully: gn_4-2-3-2-150','User logged in successfully: gn_4-2-3-2-150',NULL,NULL,'112.135.76.248','Mozilla/5.0 (Windows NT 10.0; Win64; x64) AppleWebKit/537.36 (KHTML, like Gecko) Chrome/143.0.0.0 Safari/537.36 Edg/143.0.0.0','2025-12-12 00:29:28'),(174,32,'create','families','42321212061507',NULL,NULL,'112.135.76.248','Mozilla/5.0 (Windows NT 10.0; Win64; x64) AppleWebKit/537.36 (KHTML, like Gecko) Chrome/143.0.0.0 Safari/537.36 Edg/143.0.0.0','2025-12-12 00:45:07'),(175,32,'add_member','citizens','42321212061507',NULL,'{\"family_id\":\"42321212061507\",\"member_name\":\"Vimalanathan\",\"relation\":\"Son\"}',NULL,NULL,'2025-12-12 00:46:58'),(176,32,'transfer_request','transfer_history','TRF202512120618579808',NULL,'{\"family_id\":\"42321212061507\",\"from_gn\":\"4-2-3-2-150\",\"to_gn\":\"4-2-3-2-110\",\"reason\":\"Employment\",\"status\":\"pending\"}','112.135.76.248','Mozilla/5.0 (Windows NT 10.0; Win64; x64) AppleWebKit/537.36 (KHTML, like Gecko) Chrome/143.0.0.0 Safari/537.36 Edg/143.0.0.0','2025-12-12 00:48:57'),(177,34,'login','User logged in successfully','User logged in successfully',NULL,NULL,'112.135.76.248','Mozilla/5.0 (Windows NT 10.0; Win64; x64) AppleWebKit/537.36 (KHTML, like Gecko) Chrome/143.0.0.0 Safari/537.36 Edg/143.0.0.0','2025-12-12 00:49:42'),(178,34,'login_success','User logged in successfully: gn_4-2-3-2-110','User logged in successfully: gn_4-2-3-2-110',NULL,NULL,'112.135.76.248','Mozilla/5.0 (Windows NT 10.0; Win64; x64) AppleWebKit/537.36 (KHTML, like Gecko) Chrome/143.0.0.0 Safari/537.36 Edg/143.0.0.0','2025-12-12 00:49:42'),(179,34,'login','User logged in successfully','User logged in successfully',NULL,NULL,'112.135.74.64','Mozilla/5.0 (Windows NT 10.0; Win64; x64) AppleWebKit/537.36 (KHTML, like Gecko) Chrome/143.0.0.0 Safari/537.36 Edg/143.0.0.0','2025-12-12 04:40:28'),(180,34,'login_success','User logged in successfully: gn_4-2-3-2-110','User logged in successfully: gn_4-2-3-2-110',NULL,NULL,'112.135.74.64','Mozilla/5.0 (Windows NT 10.0; Win64; x64) AppleWebKit/537.36 (KHTML, like Gecko) Chrome/143.0.0.0 Safari/537.36 Edg/143.0.0.0','2025-12-12 04:40:28'),(181,34,'login','User logged in successfully','User logged in successfully',NULL,NULL,'112.135.74.64','Mozilla/5.0 (Windows NT 10.0; Win64; x64) AppleWebKit/537.36 (KHTML, like Gecko) Chrome/143.0.0.0 Safari/537.36 Edg/143.0.0.0','2025-12-12 05:43:51'),(182,34,'login_success','User logged in successfully: gn_4-2-3-2-110','User logged in successfully: gn_4-2-3-2-110',NULL,NULL,'112.135.74.64','Mozilla/5.0 (Windows NT 10.0; Win64; x64) AppleWebKit/537.36 (KHTML, like Gecko) Chrome/143.0.0.0 Safari/537.36 Edg/143.0.0.0','2025-12-12 05:43:51'),(183,34,'login','User logged in successfully','User logged in successfully',NULL,NULL,'112.135.74.64','Mozilla/5.0 (Windows NT 10.0; Win64; x64) AppleWebKit/537.36 (KHTML, like Gecko) Chrome/143.0.0.0 Safari/537.36 Edg/143.0.0.0','2025-12-12 05:44:07'),(184,34,'login_success','User logged in successfully: gn_4-2-3-2-110','User logged in successfully: gn_4-2-3-2-110',NULL,NULL,'112.135.74.64','Mozilla/5.0 (Windows NT 10.0; Win64; x64) AppleWebKit/537.36 (KHTML, like Gecko) Chrome/143.0.0.0 Safari/537.36 Edg/143.0.0.0','2025-12-12 05:44:07'),(185,34,'login','User logged in successfully','User logged in successfully',NULL,NULL,'112.135.74.64','Mozilla/5.0 (Windows NT 10.0; Win64; x64) AppleWebKit/537.36 (KHTML, like Gecko) Chrome/143.0.0.0 Safari/537.36 Edg/143.0.0.0','2025-12-12 06:16:20'),(186,34,'login_success','User logged in successfully: gn_4-2-3-2-110','User logged in successfully: gn_4-2-3-2-110',NULL,NULL,'112.135.74.64','Mozilla/5.0 (Windows NT 10.0; Win64; x64) AppleWebKit/537.36 (KHTML, like Gecko) Chrome/143.0.0.0 Safari/537.36 Edg/143.0.0.0','2025-12-12 06:16:20'),(187,32,'login','User logged in successfully','User logged in successfully',NULL,NULL,'112.135.74.64','Mozilla/5.0 (Windows NT 10.0; Win64; x64) AppleWebKit/537.36 (KHTML, like Gecko) Chrome/143.0.0.0 Safari/537.36 Edg/143.0.0.0','2025-12-12 06:40:15'),(188,32,'login_success','User logged in successfully: gn_4-2-3-2-150','User logged in successfully: gn_4-2-3-2-150',NULL,NULL,'112.135.74.64','Mozilla/5.0 (Windows NT 10.0; Win64; x64) AppleWebKit/537.36 (KHTML, like Gecko) Chrome/143.0.0.0 Safari/537.36 Edg/143.0.0.0','2025-12-12 06:40:15'),(189,32,'create','families','42321212123754',NULL,NULL,'112.135.74.64','Mozilla/5.0 (Windows NT 10.0; Win64; x64) AppleWebKit/537.36 (KHTML, like Gecko) Chrome/143.0.0.0 Safari/537.36 Edg/143.0.0.0','2025-12-12 07:07:54'),(190,32,'add_member','citizens','42321212123754',NULL,'{\"family_id\":\"42321212123754\",\"member_name\":\"Vimalanathan\",\"relation\":\"Sister\"}',NULL,NULL,'2025-12-12 07:16:05'),(191,32,'update_member','citizens','11',NULL,'{\"citizen_id\":11,\"member_name\":\"Good family\",\"family_id\":\"42321212123754\",\"changes\":{\"full_name\":\"Good family\",\"name_with_initials\":\"G. Family\",\"gender\":\"male\",\"date_of_birth\":\"1978-11-11\",\"relation_to_head\":\"Self\",\"marital_status\":\"single\",\"identification_type\":\"nic\",\"identification_number\":\"198626336434\",\"ethnicity\":\"Tamil\",\"religion\":\"Hindu\",\"mobile_phone\":\"0706034512\",\"home_phone\":\"0706034512\",\"email\":\"syscgaa@gmail.com\",\"member_address\":\"Mannar\",\"is_alive\":\"1\"}}',NULL,NULL,'2025-12-12 07:16:59'),(192,32,'login','User logged in successfully','User logged in successfully',NULL,NULL,'112.135.74.64','Mozilla/5.0 (Windows NT 10.0; Win64; x64) AppleWebKit/537.36 (KHTML, like Gecko) Chrome/143.0.0.0 Safari/537.36 Edg/143.0.0.0','2025-12-12 07:23:59'),(193,32,'login_success','User logged in successfully: gn_4-2-3-2-150','User logged in successfully: gn_4-2-3-2-150',NULL,NULL,'112.135.74.64','Mozilla/5.0 (Windows NT 10.0; Win64; x64) AppleWebKit/537.36 (KHTML, like Gecko) Chrome/143.0.0.0 Safari/537.36 Edg/143.0.0.0','2025-12-12 07:23:59'),(194,32,'transfer_request','transfer_history','TRF202512121258143889',NULL,'{\"family_id\":\"42321212123754\",\"from_gn\":\"4-2-3-2-150\",\"to_gn\":\"5-2-9-2-70\",\"reason\":\"Marriage\",\"status\":\"pending\"}','112.135.74.64','Mozilla/5.0 (Windows NT 10.0; Win64; x64) AppleWebKit/537.36 (KHTML, like Gecko) Chrome/143.0.0.0 Safari/537.36 Edg/143.0.0.0','2025-12-12 07:28:14'),(195,32,'login','User logged in successfully','User logged in successfully',NULL,NULL,'112.135.74.64','Mozilla/5.0 (Windows NT 10.0; Win64; x64) AppleWebKit/537.36 (KHTML, like Gecko) Chrome/143.0.0.0 Safari/537.36 Edg/143.0.0.0','2025-12-12 08:19:55'),(196,32,'login_success','User logged in successfully: gn_4-2-3-2-150','User logged in successfully: gn_4-2-3-2-150',NULL,NULL,'112.135.74.64','Mozilla/5.0 (Windows NT 10.0; Win64; x64) AppleWebKit/537.36 (KHTML, like Gecko) Chrome/143.0.0.0 Safari/537.36 Edg/143.0.0.0','2025-12-12 08:19:55'),(197,32,'create','families','42321212143510',NULL,NULL,'112.135.74.64','Mozilla/5.0 (Windows NT 10.0; Win64; x64) AppleWebKit/537.36 (KHTML, like Gecko) Chrome/143.0.0.0 Safari/537.36 Edg/143.0.0.0','2025-12-12 09:05:10'),(198,32,'create','families','42321212144529',NULL,NULL,'112.135.74.64','Mozilla/5.0 (Windows NT 10.0; Win64; x64) AppleWebKit/537.36 (KHTML, like Gecko) Chrome/143.0.0.0 Safari/537.36 Edg/143.0.0.0','2025-12-12 09:15:29'),(199,32,'login','User logged in successfully','User logged in successfully',NULL,NULL,'112.135.74.64','Mozilla/5.0 (Windows NT 10.0; Win64; x64) AppleWebKit/537.36 (KHTML, like Gecko) Chrome/143.0.0.0 Safari/537.36 Edg/143.0.0.0','2025-12-12 09:41:03'),(200,32,'login_success','User logged in successfully: gn_4-2-3-2-150','User logged in successfully: gn_4-2-3-2-150',NULL,NULL,'112.135.74.64','Mozilla/5.0 (Windows NT 10.0; Win64; x64) AppleWebKit/537.36 (KHTML, like Gecko) Chrome/143.0.0.0 Safari/537.36 Edg/143.0.0.0','2025-12-12 09:41:03'),(201,32,'login','User logged in successfully','User logged in successfully',NULL,NULL,'112.135.70.39','Mozilla/5.0 (Windows NT 10.0; Win64; x64) AppleWebKit/537.36 (KHTML, like Gecko) Chrome/143.0.0.0 Safari/537.36 Edg/143.0.0.0','2025-12-12 13:17:16'),(202,32,'login_success','User logged in successfully: gn_4-2-3-2-150','User logged in successfully: gn_4-2-3-2-150',NULL,NULL,'112.135.70.39','Mozilla/5.0 (Windows NT 10.0; Win64; x64) AppleWebKit/537.36 (KHTML, like Gecko) Chrome/143.0.0.0 Safari/537.36 Edg/143.0.0.0','2025-12-12 13:17:16'),(203,32,'create_family','families','42321212190145',NULL,'{\"new_family_id\":\"42321212190145\",\"from_family_id\":\"42321211103654\",\"member_id\":8,\"member_name\":\"Vimalanathan\",\"reason\":\"new reason\"}','112.135.70.39','Mozilla/5.0 (Windows NT 10.0; Win64; x64) AppleWebKit/537.36 (KHTML, like Gecko) Chrome/143.0.0.0 Safari/537.36 Edg/143.0.0.0','2025-12-12 13:31:45'),(204,32,'create_family','families','42321212190328',NULL,'{\"new_family_id\":\"42321212190328\",\"from_family_id\":\"42321210181342\",\"member_id\":2,\"member_name\":\"Vimala Conji croos\",\"reason\":\"asdas a sdkjfnajsd\"}','112.135.70.39','Mozilla/5.0 (Windows NT 10.0; Win64; x64) AppleWebKit/537.36 (KHTML, like Gecko) Chrome/143.0.0.0 Safari/537.36 Edg/143.0.0.0','2025-12-12 13:33:28'),(205,32,'update_member','citizens','1',NULL,'{\"citizen_id\":1,\"member_name\":\"Tharama\",\"family_id\":\"42321210181342\",\"changes\":{\"full_name\":\"Tharama\",\"name_with_initials\":\"Barathan Kamalanathan\",\"gender\":\"male\",\"date_of_birth\":\"1986-10-12\",\"relation_to_head\":\"Self\",\"marital_status\":\"married\",\"identification_type\":\"nic\",\"identification_number\":\"860202379V\",\"ethnicity\":\"Tamil\",\"religion\":\"Hindu\",\"mobile_phone\":\"0706034512\",\"home_phone\":\"\",\"email\":\"syscgaa@gmail.com\",\"member_address\":\"kjnkdsjfna\"}}',NULL,NULL,'2025-12-12 13:36:18'),(206,32,'login','User logged in successfully','User logged in successfully',NULL,NULL,'175.157.176.111','Mozilla/5.0 (Windows NT 10.0; Win64; x64) AppleWebKit/537.36 (KHTML, like Gecko) Chrome/143.0.0.0 Safari/537.36 Edg/143.0.0.0','2025-12-13 01:11:06'),(207,32,'login_success','User logged in successfully: gn_4-2-3-2-150','User logged in successfully: gn_4-2-3-2-150',NULL,NULL,'175.157.176.111','Mozilla/5.0 (Windows NT 10.0; Win64; x64) AppleWebKit/537.36 (KHTML, like Gecko) Chrome/143.0.0.0 Safari/537.36 Edg/143.0.0.0','2025-12-13 01:11:06'),(208,32,'login','User logged in successfully','User logged in successfully',NULL,NULL,'175.157.176.111','Mozilla/5.0 (Windows NT 10.0; Win64; x64) AppleWebKit/537.36 (KHTML, like Gecko) Chrome/143.0.0.0 Safari/537.36 Edg/143.0.0.0','2025-12-13 01:41:05'),(209,32,'login_success','User logged in successfully: gn_4-2-3-2-150','User logged in successfully: gn_4-2-3-2-150',NULL,NULL,'175.157.176.111','Mozilla/5.0 (Windows NT 10.0; Win64; x64) AppleWebKit/537.36 (KHTML, like Gecko) Chrome/143.0.0.0 Safari/537.36 Edg/143.0.0.0','2025-12-13 01:41:05'),(210,32,'login','User logged in successfully','User logged in successfully',NULL,NULL,'175.157.176.111','Mozilla/5.0 (Windows NT 10.0; Win64; x64) AppleWebKit/537.36 (KHTML, like Gecko) Chrome/143.0.0.0 Safari/537.36 Edg/143.0.0.0','2025-12-13 02:20:30'),(211,32,'login_success','User logged in successfully: gn_4-2-3-2-150','User logged in successfully: gn_4-2-3-2-150',NULL,NULL,'175.157.176.111','Mozilla/5.0 (Windows NT 10.0; Win64; x64) AppleWebKit/537.36 (KHTML, like Gecko) Chrome/143.0.0.0 Safari/537.36 Edg/143.0.0.0','2025-12-13 02:20:30'),(212,28,'login','User logged in successfully','User logged in successfully',NULL,NULL,'175.157.176.111','Mozilla/5.0 (Windows NT 10.0; Win64; x64) AppleWebKit/537.36 (KHTML, like Gecko) Chrome/143.0.0.0 Safari/537.36 Edg/143.0.0.0','2025-12-13 02:30:49'),(213,28,'login_success','User logged in successfully: division_mannar_town','User logged in successfully: division_mannar_town',NULL,NULL,'175.157.176.111','Mozilla/5.0 (Windows NT 10.0; Win64; x64) AppleWebKit/537.36 (KHTML, like Gecko) Chrome/143.0.0.0 Safari/537.36 Edg/143.0.0.0','2025-12-13 02:30:49'),(214,28,'password_reset','Password reset by division_mannar_town for gn_4-2-','Password reset by division_mannar_town for gn_4-2-3-2-140',NULL,NULL,'175.157.176.111','Mozilla/5.0 (Windows NT 10.0; Win64; x64) AppleWebKit/537.36 (KHTML, like Gecko) Chrome/143.0.0.0 Safari/537.36 Edg/143.0.0.0','2025-12-13 02:33:35'),(215,28,'password_reset','Reset password for gn_4-2-3-2-140 (gn)','Reset password for gn_4-2-3-2-140 (gn)',NULL,NULL,'175.157.176.111','Mozilla/5.0 (Windows NT 10.0; Win64; x64) AppleWebKit/537.36 (KHTML, like Gecko) Chrome/143.0.0.0 Safari/537.36 Edg/143.0.0.0','2025-12-13 02:33:35'),(216,1,'login','User logged in successfully','User logged in successfully',NULL,NULL,'175.157.176.111','Mozilla/5.0 (Windows NT 10.0; Win64; x64) AppleWebKit/537.36 (KHTML, like Gecko) Chrome/143.0.0.0 Safari/537.36 Edg/143.0.0.0','2025-12-13 06:47:09'),(217,1,'login_success','User logged in successfully: moha_admin','User logged in successfully: moha_admin',NULL,NULL,'175.157.176.111','Mozilla/5.0 (Windows NT 10.0; Win64; x64) AppleWebKit/537.36 (KHTML, like Gecko) Chrome/143.0.0.0 Safari/537.36 Edg/143.0.0.0','2025-12-13 06:47:09'),(218,1,'password_reset','Password reset by moha_admin for district_ampara','Password reset by moha_admin for district_ampara',NULL,NULL,'175.157.176.111','Mozilla/5.0 (Windows NT 10.0; Win64; x64) AppleWebKit/537.36 (KHTML, like Gecko) Chrome/143.0.0.0 Safari/537.36 Edg/143.0.0.0','2025-12-13 06:48:01'),(219,1,'password_reset','Reset password for district_ampara (district)','Reset password for district_ampara (district)',NULL,NULL,'175.157.176.111','Mozilla/5.0 (Windows NT 10.0; Win64; x64) AppleWebKit/537.36 (KHTML, like Gecko) Chrome/143.0.0.0 Safari/537.36 Edg/143.0.0.0','2025-12-13 06:48:01'),(220,16,'login','User logged in successfully','User logged in successfully',NULL,NULL,'175.157.176.111','Mozilla/5.0 (Windows NT 10.0; Win64; x64) AppleWebKit/537.36 (KHTML, like Gecko) Chrome/143.0.0.0 Safari/537.36 Edg/143.0.0.0','2025-12-13 06:48:35'),(221,16,'login_success','User logged in successfully: district_mannar','User logged in successfully: district_mannar',NULL,NULL,'175.157.176.111','Mozilla/5.0 (Windows NT 10.0; Win64; x64) AppleWebKit/537.36 (KHTML, like Gecko) Chrome/143.0.0.0 Safari/537.36 Edg/143.0.0.0','2025-12-13 06:48:35'),(222,28,'login','User logged in successfully','User logged in successfully',NULL,NULL,'175.157.176.111','Mozilla/5.0 (Windows NT 10.0; Win64; x64) AppleWebKit/537.36 (KHTML, like Gecko) Chrome/143.0.0.0 Safari/537.36 Edg/143.0.0.0','2025-12-13 06:49:21'),(223,28,'login_success','User logged in successfully: division_mannar_town','User logged in successfully: division_mannar_town',NULL,NULL,'175.157.176.111','Mozilla/5.0 (Windows NT 10.0; Win64; x64) AppleWebKit/537.36 (KHTML, like Gecko) Chrome/143.0.0.0 Safari/537.36 Edg/143.0.0.0','2025-12-13 06:49:21'),(224,32,'login','User logged in successfully','User logged in successfully',NULL,NULL,'175.157.176.111','Mozilla/5.0 (Windows NT 10.0; Win64; x64) AppleWebKit/537.36 (KHTML, like Gecko) Chrome/143.0.0.0 Safari/537.36 Edg/143.0.0.0','2025-12-13 06:50:06'),(225,32,'login_success','User logged in successfully: gn_4-2-3-2-150','User logged in successfully: gn_4-2-3-2-150',NULL,NULL,'175.157.176.111','Mozilla/5.0 (Windows NT 10.0; Win64; x64) AppleWebKit/537.36 (KHTML, like Gecko) Chrome/143.0.0.0 Safari/537.36 Edg/143.0.0.0','2025-12-13 06:50:06'),(226,32,'transfer_request','transfer_history','TRF202512131224467134',NULL,'{\"family_id\":\"42321212190145\",\"from_gn\":\"4-2-3-2-150\",\"to_gn\":\"6-1-15-2-155\",\"reason\":\"Education\",\"status\":\"pending\"}','175.157.176.111','Mozilla/5.0 (Windows NT 10.0; Win64; x64) AppleWebKit/537.36 (KHTML, like Gecko) Chrome/143.0.0.0 Safari/537.36 Edg/143.0.0.0','2025-12-13 06:54:46'),(227,32,'login','User logged in successfully','User logged in successfully',NULL,NULL,'175.157.176.111','Mozilla/5.0 (Windows NT 10.0; Win64; x64) AppleWebKit/537.36 (KHTML, like Gecko) Chrome/143.0.0.0 Safari/537.36 Edg/143.0.0.0','2025-12-13 17:31:37'),(228,32,'login_success','User logged in successfully: gn_4-2-3-2-150','User logged in successfully: gn_4-2-3-2-150',NULL,NULL,'175.157.176.111','Mozilla/5.0 (Windows NT 10.0; Win64; x64) AppleWebKit/537.36 (KHTML, like Gecko) Chrome/143.0.0.0 Safari/537.36 Edg/143.0.0.0','2025-12-13 17:31:37'),(229,28,'login','User logged in successfully','User logged in successfully',NULL,NULL,'175.157.176.111','Mozilla/5.0 (Windows NT 10.0; Win64; x64) AppleWebKit/537.36 (KHTML, like Gecko) Chrome/143.0.0.0 Safari/537.36 Edg/143.0.0.0','2025-12-13 18:30:07'),(230,28,'login_success','User logged in successfully: division_mannar_town','User logged in successfully: division_mannar_town',NULL,NULL,'175.157.176.111','Mozilla/5.0 (Windows NT 10.0; Win64; x64) AppleWebKit/537.36 (KHTML, like Gecko) Chrome/143.0.0.0 Safari/537.36 Edg/143.0.0.0','2025-12-13 18:30:07'),(231,28,'login','User logged in successfully','User logged in successfully',NULL,NULL,'175.157.176.111','Mozilla/5.0 (Windows NT 10.0; Win64; x64) AppleWebKit/537.36 (KHTML, like Gecko) Chrome/143.0.0.0 Safari/537.36 Edg/143.0.0.0','2025-12-14 02:08:13'),(232,28,'login_success','User logged in successfully: division_mannar_town','User logged in successfully: division_mannar_town',NULL,NULL,'175.157.176.111','Mozilla/5.0 (Windows NT 10.0; Win64; x64) AppleWebKit/537.36 (KHTML, like Gecko) Chrome/143.0.0.0 Safari/537.36 Edg/143.0.0.0','2025-12-14 02:08:13'),(233,28,'update_gn_user','users','32',NULL,'{\"user_id\":\"32\",\"is_active\":0,\"email\":\"chavatkaddu@fpms.lk\",\"phone\":\"\"}',NULL,NULL,'2025-12-14 02:14:47'),(234,NULL,'login_attempt','User not found: gn_4-2-3-2-150','User not found: gn_4-2-3-2-150',NULL,NULL,'175.157.176.111','Mozilla/5.0 (Windows NT 10.0; Win64; x64) AppleWebKit/537.36 (KHTML, like Gecko) Chrome/143.0.0.0 Safari/537.36 Edg/143.0.0.0','2025-12-14 02:15:09'),(235,NULL,'login_attempt','User not found: gn_4-2-3-2-150','User not found: gn_4-2-3-2-150',NULL,NULL,'175.157.176.111','Mozilla/5.0 (Windows NT 10.0; Win64; x64) AppleWebKit/537.36 (KHTML, like Gecko) Chrome/143.0.0.0 Safari/537.36 Edg/143.0.0.0','2025-12-14 02:15:19'),(236,28,'login','User logged in successfully','User logged in successfully',NULL,NULL,'175.157.176.111','Mozilla/5.0 (Windows NT 10.0; Win64; x64) AppleWebKit/537.36 (KHTML, like Gecko) Chrome/143.0.0.0 Safari/537.36 Edg/143.0.0.0','2025-12-14 02:15:29'),(237,28,'login_success','User logged in successfully: division_mannar_town','User logged in successfully: division_mannar_town',NULL,NULL,'175.157.176.111','Mozilla/5.0 (Windows NT 10.0; Win64; x64) AppleWebKit/537.36 (KHTML, like Gecko) Chrome/143.0.0.0 Safari/537.36 Edg/143.0.0.0','2025-12-14 02:15:29'),(238,28,'update_gn_user','users','32',NULL,'{\"user_id\":\"32\",\"is_active\":1,\"email\":\"chavatkaddu@fpms.lk\",\"phone\":\"\"}',NULL,NULL,'2025-12-14 02:15:41'),(239,28,'reset_gn_password','users','33',NULL,'{\"user_id\":\"33\",\"password_reset\":true}',NULL,NULL,'2025-12-14 02:21:44'),(240,28,'password_reset','Password reset by division_mannar_town for gn_4-2-','Password reset by division_mannar_town for gn_4-2-3-2-140',NULL,NULL,'175.157.176.111','Mozilla/5.0 (Windows NT 10.0; Win64; x64) AppleWebKit/537.36 (KHTML, like Gecko) Chrome/143.0.0.0 Safari/537.36 Edg/143.0.0.0','2025-12-14 02:22:17'),(241,28,'password_reset','Reset password for gn_4-2-3-2-140 (gn)','Reset password for gn_4-2-3-2-140 (gn)',NULL,NULL,'175.157.176.111','Mozilla/5.0 (Windows NT 10.0; Win64; x64) AppleWebKit/537.36 (KHTML, like Gecko) Chrome/143.0.0.0 Safari/537.36 Edg/143.0.0.0','2025-12-14 02:22:17'),(242,16,'login','User logged in successfully','User logged in successfully',NULL,NULL,'175.157.176.111','Mozilla/5.0 (Windows NT 10.0; Win64; x64) AppleWebKit/537.36 (KHTML, like Gecko) Chrome/143.0.0.0 Safari/537.36 Edg/143.0.0.0','2025-12-14 03:32:37'),(243,16,'login_success','User logged in successfully: district_mannar','User logged in successfully: district_mannar',NULL,NULL,'175.157.176.111','Mozilla/5.0 (Windows NT 10.0; Win64; x64) AppleWebKit/537.36 (KHTML, like Gecko) Chrome/143.0.0.0 Safari/537.36 Edg/143.0.0.0','2025-12-14 03:32:37'),(244,16,'login','User logged in successfully','User logged in successfully',NULL,NULL,'175.157.176.111','Mozilla/5.0 (Windows NT 10.0; Win64; x64) AppleWebKit/537.36 (KHTML, like Gecko) Chrome/143.0.0.0 Safari/537.36 Edg/143.0.0.0','2025-12-14 04:41:33'),(245,16,'login_success','User logged in successfully: district_mannar','User logged in successfully: district_mannar',NULL,NULL,'175.157.176.111','Mozilla/5.0 (Windows NT 10.0; Win64; x64) AppleWebKit/537.36 (KHTML, like Gecko) Chrome/143.0.0.0 Safari/537.36 Edg/143.0.0.0','2025-12-14 04:41:34'),(246,32,'login','User logged in successfully','User logged in successfully',NULL,NULL,'112.135.69.134','Mozilla/5.0 (Windows NT 10.0; Win64; x64) AppleWebKit/537.36 (KHTML, like Gecko) Chrome/143.0.0.0 Safari/537.36 Edg/143.0.0.0','2025-12-14 04:54:51'),(247,32,'login_success','User logged in successfully: gn_4-2-3-2-150','User logged in successfully: gn_4-2-3-2-150',NULL,NULL,'112.135.69.134','Mozilla/5.0 (Windows NT 10.0; Win64; x64) AppleWebKit/537.36 (KHTML, like Gecko) Chrome/143.0.0.0 Safari/537.36 Edg/143.0.0.0','2025-12-14 04:54:51'),(248,1,'login','User logged in successfully','User logged in successfully',NULL,NULL,'112.135.69.134','Mozilla/5.0 (Windows NT 10.0; Win64; x64) AppleWebKit/537.36 (KHTML, like Gecko) Chrome/143.0.0.0 Safari/537.36 Edg/143.0.0.0','2025-12-14 06:03:30'),(249,1,'login_success','User logged in successfully: moha_admin','User logged in successfully: moha_admin',NULL,NULL,'112.135.69.134','Mozilla/5.0 (Windows NT 10.0; Win64; x64) AppleWebKit/537.36 (KHTML, like Gecko) Chrome/143.0.0.0 Safari/537.36 Edg/143.0.0.0','2025-12-14 06:03:30'),(250,1,'login','User logged in successfully','User logged in successfully',NULL,NULL,'112.135.69.134','Mozilla/5.0 (Windows NT 10.0; Win64; x64) AppleWebKit/537.36 (KHTML, like Gecko) Chrome/143.0.0.0 Safari/537.36 Edg/143.0.0.0','2025-12-14 06:07:12'),(251,1,'login_success','User logged in successfully: moha_admin','User logged in successfully: moha_admin',NULL,NULL,'112.135.69.134','Mozilla/5.0 (Windows NT 10.0; Win64; x64) AppleWebKit/537.36 (KHTML, like Gecko) Chrome/143.0.0.0 Safari/537.36 Edg/143.0.0.0','2025-12-14 06:07:12'),(252,16,'login','User logged in successfully','User logged in successfully',NULL,NULL,'112.135.69.134','Mozilla/5.0 (Windows NT 10.0; Win64; x64) AppleWebKit/537.36 (KHTML, like Gecko) Chrome/143.0.0.0 Safari/537.36 Edg/143.0.0.0','2025-12-14 06:07:48'),(253,16,'login_success','User logged in successfully: district_mannar','User logged in successfully: district_mannar',NULL,NULL,'112.135.69.134','Mozilla/5.0 (Windows NT 10.0; Win64; x64) AppleWebKit/537.36 (KHTML, like Gecko) Chrome/143.0.0.0 Safari/537.36 Edg/143.0.0.0','2025-12-14 06:07:48'),(254,16,'password_reset','Password reset by district_mannar for division_mad','Password reset by district_mannar for division_madhu',NULL,NULL,'112.135.69.134','Mozilla/5.0 (Windows NT 10.0; Win64; x64) AppleWebKit/537.36 (KHTML, like Gecko) Chrome/143.0.0.0 Safari/537.36 Edg/143.0.0.0','2025-12-14 06:08:29'),(255,16,'password_reset','Reset password for division_madhu (division)','Reset password for division_madhu (division)',NULL,NULL,'112.135.69.134','Mozilla/5.0 (Windows NT 10.0; Win64; x64) AppleWebKit/537.36 (KHTML, like Gecko) Chrome/143.0.0.0 Safari/537.36 Edg/143.0.0.0','2025-12-14 06:08:29'),(256,28,'login','User logged in successfully','User logged in successfully',NULL,NULL,'112.135.69.134','Mozilla/5.0 (Windows NT 10.0; Win64; x64) AppleWebKit/537.36 (KHTML, like Gecko) Chrome/143.0.0.0 Safari/537.36 Edg/143.0.0.0','2025-12-14 06:08:57'),(257,28,'login_success','User logged in successfully: division_mannar_town','User logged in successfully: division_mannar_town',NULL,NULL,'112.135.69.134','Mozilla/5.0 (Windows NT 10.0; Win64; x64) AppleWebKit/537.36 (KHTML, like Gecko) Chrome/143.0.0.0 Safari/537.36 Edg/143.0.0.0','2025-12-14 06:08:57'),(258,32,'login','User logged in successfully','User logged in successfully',NULL,NULL,'112.135.69.134','Mozilla/5.0 (Windows NT 10.0; Win64; x64) AppleWebKit/537.36 (KHTML, like Gecko) Chrome/143.0.0.0 Safari/537.36 Edg/143.0.0.0','2025-12-14 06:11:01'),(259,32,'login_success','User logged in successfully: gn_4-2-3-2-150','User logged in successfully: gn_4-2-3-2-150',NULL,NULL,'112.135.69.134','Mozilla/5.0 (Windows NT 10.0; Win64; x64) AppleWebKit/537.36 (KHTML, like Gecko) Chrome/143.0.0.0 Safari/537.36 Edg/143.0.0.0','2025-12-14 06:11:02'),(260,16,'login','User logged in successfully','User logged in successfully',NULL,NULL,'112.135.75.81','Mozilla/5.0 (Windows NT 10.0; Win64; x64) AppleWebKit/537.36 (KHTML, like Gecko) Chrome/143.0.0.0 Safari/537.36 Edg/143.0.0.0','2025-12-14 15:15:11'),(261,16,'login_success','User logged in successfully: district_mannar','User logged in successfully: district_mannar',NULL,NULL,'112.135.75.81','Mozilla/5.0 (Windows NT 10.0; Win64; x64) AppleWebKit/537.36 (KHTML, like Gecko) Chrome/143.0.0.0 Safari/537.36 Edg/143.0.0.0','2025-12-14 15:15:11'),(262,16,'login','User logged in successfully','User logged in successfully',NULL,NULL,'112.135.78.108','Mozilla/5.0 (Windows NT 10.0; Win64; x64) AppleWebKit/537.36 (KHTML, like Gecko) Chrome/143.0.0.0 Safari/537.36 Edg/143.0.0.0','2025-12-15 03:21:54'),(263,16,'login_success','User logged in successfully: district_mannar','User logged in successfully: district_mannar',NULL,NULL,'112.135.78.108','Mozilla/5.0 (Windows NT 10.0; Win64; x64) AppleWebKit/537.36 (KHTML, like Gecko) Chrome/143.0.0.0 Safari/537.36 Edg/143.0.0.0','2025-12-15 03:21:54'),(264,34,'login','User logged in successfully','User logged in successfully',NULL,NULL,'112.135.78.108','Mozilla/5.0 (Windows NT 10.0; Win64; x64) AppleWebKit/537.36 (KHTML, like Gecko) Chrome/143.0.0.0 Safari/537.36 Edg/143.0.0.0','2025-12-15 04:48:47'),(265,34,'login_success','User logged in successfully: gn_4-2-3-2-110','User logged in successfully: gn_4-2-3-2-110',NULL,NULL,'112.135.78.108','Mozilla/5.0 (Windows NT 10.0; Win64; x64) AppleWebKit/537.36 (KHTML, like Gecko) Chrome/143.0.0.0 Safari/537.36 Edg/143.0.0.0','2025-12-15 04:48:48'),(266,16,'login','User logged in successfully','User logged in successfully',NULL,NULL,'112.135.78.108','Mozilla/5.0 (Windows NT 10.0; Win64; x64) AppleWebKit/537.36 (KHTML, like Gecko) Chrome/143.0.0.0 Safari/537.36 Edg/143.0.0.0','2025-12-15 04:49:08'),(267,16,'login_success','User logged in successfully: district_mannar','User logged in successfully: district_mannar',NULL,NULL,'112.135.78.108','Mozilla/5.0 (Windows NT 10.0; Win64; x64) AppleWebKit/537.36 (KHTML, like Gecko) Chrome/143.0.0.0 Safari/537.36 Edg/143.0.0.0','2025-12-15 04:49:08'),(268,28,'login','User logged in successfully','User logged in successfully',NULL,NULL,'112.135.78.108','Mozilla/5.0 (Windows NT 10.0; Win64; x64) AppleWebKit/537.36 (KHTML, like Gecko) Chrome/143.0.0.0 Safari/537.36 Edg/143.0.0.0','2025-12-15 08:20:25'),(269,28,'login_success','User logged in successfully: division_mannar_town','User logged in successfully: division_mannar_town',NULL,NULL,'112.135.78.108','Mozilla/5.0 (Windows NT 10.0; Win64; x64) AppleWebKit/537.36 (KHTML, like Gecko) Chrome/143.0.0.0 Safari/537.36 Edg/143.0.0.0','2025-12-15 08:20:25'),(270,34,'login','User logged in successfully','User logged in successfully',NULL,NULL,'112.135.78.108','Mozilla/5.0 (Windows NT 10.0; Win64; x64) AppleWebKit/537.36 (KHTML, like Gecko) Chrome/143.0.0.0 Safari/537.36 Edg/143.0.0.0','2025-12-15 08:22:21'),(271,34,'login_success','User logged in successfully: gn_4-2-3-2-110','User logged in successfully: gn_4-2-3-2-110',NULL,NULL,'112.135.78.108','Mozilla/5.0 (Windows NT 10.0; Win64; x64) AppleWebKit/537.36 (KHTML, like Gecko) Chrome/143.0.0.0 Safari/537.36 Edg/143.0.0.0','2025-12-15 08:22:21'),(272,34,'create','families','42321215140441',NULL,NULL,'112.135.78.108','Mozilla/5.0 (Windows NT 10.0; Win64; x64) AppleWebKit/537.36 (KHTML, like Gecko) Chrome/143.0.0.0 Safari/537.36 Edg/143.0.0.0','2025-12-15 08:34:41'),(273,34,'create','families','42321215142532',NULL,NULL,'112.135.78.108','Mozilla/5.0 (Windows NT 10.0; Win64; x64) AppleWebKit/537.36 (KHTML, like Gecko) Chrome/143.0.0.0 Safari/537.36 Edg/143.0.0.0','2025-12-15 08:55:32'),(274,34,'create','families','42321215145720',NULL,NULL,'112.135.78.108','Mozilla/5.0 (Windows NT 10.0; Win64; x64) AppleWebKit/537.36 (KHTML, like Gecko) Chrome/143.0.0.0 Safari/537.36 Edg/143.0.0.0','2025-12-15 09:27:20'),(275,34,'delete','families','42321215142532','{\"family_id\":\"42321215142532\",\"address\":\"New street\",\"total_members\":1}',NULL,'112.135.78.108','Mozilla/5.0 (Windows NT 10.0; Win64; x64) AppleWebKit/537.36 (KHTML, like Gecko) Chrome/143.0.0.0 Safari/537.36 Edg/143.0.0.0','2025-12-15 09:27:33'),(276,32,'login','User logged in successfully','User logged in successfully',NULL,NULL,'112.135.78.108','Mozilla/5.0 (Windows NT 10.0; Win64; x64) AppleWebKit/537.36 (KHTML, like Gecko) Chrome/143.0.0.0 Safari/537.36 Edg/143.0.0.0','2025-12-15 10:05:10'),(277,32,'login_success','User logged in successfully: gn_4-2-3-2-150','User logged in successfully: gn_4-2-3-2-150',NULL,NULL,'112.135.78.108','Mozilla/5.0 (Windows NT 10.0; Win64; x64) AppleWebKit/537.36 (KHTML, like Gecko) Chrome/143.0.0.0 Safari/537.36 Edg/143.0.0.0','2025-12-15 10:05:10'),(278,32,'transfer_request','transfer_history','TRF202512151604178667',NULL,'{\"family_id\":\"42321212190328\",\"from_gn\":\"4-2-3-2-150\",\"to_gn\":\"4-2-3-2-110\",\"reason\":\"Marriage\",\"status\":\"pending\"}','112.135.78.108','Mozilla/5.0 (Windows NT 10.0; Win64; x64) AppleWebKit/537.36 (KHTML, like Gecko) Chrome/143.0.0.0 Safari/537.36 Edg/143.0.0.0','2025-12-15 10:34:17'),(279,34,'login','User logged in successfully','User logged in successfully',NULL,NULL,'112.135.78.108','Mozilla/5.0 (Windows NT 10.0; Win64; x64) AppleWebKit/537.36 (KHTML, like Gecko) Chrome/143.0.0.0 Safari/537.36 Edg/143.0.0.0','2025-12-15 10:50:50'),(280,34,'login_success','User logged in successfully: gn_4-2-3-2-110','User logged in successfully: gn_4-2-3-2-110',NULL,NULL,'112.135.78.108','Mozilla/5.0 (Windows NT 10.0; Win64; x64) AppleWebKit/537.36 (KHTML, like Gecko) Chrome/143.0.0.0 Safari/537.36 Edg/143.0.0.0','2025-12-15 10:50:50'),(281,32,'login','User logged in successfully','User logged in successfully',NULL,NULL,'112.135.78.108','Mozilla/5.0 (Windows NT 10.0; Win64; x64) AppleWebKit/537.36 (KHTML, like Gecko) Chrome/143.0.0.0 Safari/537.36 Edg/143.0.0.0','2025-12-15 11:07:03'),(282,32,'login_success','User logged in successfully: gn_4-2-3-2-150','User logged in successfully: gn_4-2-3-2-150',NULL,NULL,'112.135.78.108','Mozilla/5.0 (Windows NT 10.0; Win64; x64) AppleWebKit/537.36 (KHTML, like Gecko) Chrome/143.0.0.0 Safari/537.36 Edg/143.0.0.0','2025-12-15 11:07:03'),(283,32,'reject_transfer','transfer_history','TRF202512151604178667',NULL,'{\"status\":\"rejected\",\"transfer_id\":\"TRF202512151604178667\",\"action_by\":32,\"note\":\"need thinking\"}','112.135.78.108','Mozilla/5.0 (Windows NT 10.0; Win64; x64) AppleWebKit/537.36 (KHTML, like Gecko) Chrome/143.0.0.0 Safari/537.36 Edg/143.0.0.0','2025-12-15 11:53:14'),(284,32,'reject_transfer','transfer_history','TRF202512111157073255',NULL,'{\"status\":\"rejected\",\"transfer_id\":\"TRF202512111157073255\",\"action_by\":32,\"note\":\"Cancel pending\\r\\n\"}','112.135.78.108','Mozilla/5.0 (Windows NT 10.0; Win64; x64) AppleWebKit/537.36 (KHTML, like Gecko) Chrome/143.0.0.0 Safari/537.36 Edg/143.0.0.0','2025-12-15 11:53:37'),(285,28,'login','User logged in successfully','User logged in successfully',NULL,NULL,'112.135.78.108','Mozilla/5.0 (Windows NT 10.0; Win64; x64) AppleWebKit/537.36 (KHTML, like Gecko) Chrome/143.0.0.0 Safari/537.36 Edg/143.0.0.0','2025-12-15 12:09:03'),(286,28,'login_success','User logged in successfully: division_mannar_town','User logged in successfully: division_mannar_town',NULL,NULL,'112.135.78.108','Mozilla/5.0 (Windows NT 10.0; Win64; x64) AppleWebKit/537.36 (KHTML, like Gecko) Chrome/143.0.0.0 Safari/537.36 Edg/143.0.0.0','2025-12-15 12:09:03'),(287,28,'approve_transfer','transfer_history','TRF202512131224467134',NULL,'{\"status\":\"approved\",\"transfer_id\":\"TRF202512131224467134\",\"action_by\":28,\"note\":\"Approved transfer\"}','112.135.78.108','Mozilla/5.0 (Windows NT 10.0; Win64; x64) AppleWebKit/537.36 (KHTML, like Gecko) Chrome/143.0.0.0 Safari/537.36 Edg/143.0.0.0','2025-12-15 12:10:23'),(288,28,'reject_transfer','transfer_history','TRF202512121258143889',NULL,'{\"status\":\"rejected\",\"transfer_id\":\"TRF202512121258143889\",\"action_by\":28,\"note\":\"NO admission \"}','112.135.78.108','Mozilla/5.0 (Windows NT 10.0; Win64; x64) AppleWebKit/537.36 (KHTML, like Gecko) Chrome/143.0.0.0 Safari/537.36 Edg/143.0.0.0','2025-12-15 12:10:48'),(289,28,'approve_transfer','transfer_history','TRF202512111459104275',NULL,'{\"status\":\"approved\",\"transfer_id\":\"TRF202512111459104275\",\"action_by\":28,\"note\":\"Ok\"}','112.135.78.108','Mozilla/5.0 (Windows NT 10.0; Win64; x64) AppleWebKit/537.36 (KHTML, like Gecko) Chrome/143.0.0.0 Safari/537.36 Edg/143.0.0.0','2025-12-15 12:11:15'),(290,28,'approve_transfer','transfer_history','TRF202512120618579808',NULL,'{\"status\":\"approved\",\"transfer_id\":\"TRF202512120618579808\",\"action_by\":28,\"note\":\"Ok will\"}','112.135.78.108','Mozilla/5.0 (Windows NT 10.0; Win64; x64) AppleWebKit/537.36 (KHTML, like Gecko) Chrome/143.0.0.0 Safari/537.36 Edg/143.0.0.0','2025-12-15 12:11:26'),(291,32,'login','User logged in successfully','User logged in successfully',NULL,NULL,'112.135.78.108','Mozilla/5.0 (Windows NT 10.0; Win64; x64) AppleWebKit/537.36 (KHTML, like Gecko) Chrome/143.0.0.0 Safari/537.36 Edg/143.0.0.0','2025-12-15 12:15:36'),(292,32,'login_success','User logged in successfully: gn_4-2-3-2-150','User logged in successfully: gn_4-2-3-2-150',NULL,NULL,'112.135.78.108','Mozilla/5.0 (Windows NT 10.0; Win64; x64) AppleWebKit/537.36 (KHTML, like Gecko) Chrome/143.0.0.0 Safari/537.36 Edg/143.0.0.0','2025-12-15 12:15:36'),(293,28,'login','User logged in successfully','User logged in successfully',NULL,NULL,'112.135.70.243','Mozilla/5.0 (Windows NT 10.0; Win64; x64) AppleWebKit/537.36 (KHTML, like Gecko) Chrome/143.0.0.0 Safari/537.36 Edg/143.0.0.0','2025-12-16 03:02:51'),(294,28,'login_success','User logged in successfully: division_mannar_town','User logged in successfully: division_mannar_town',NULL,NULL,'112.135.70.243','Mozilla/5.0 (Windows NT 10.0; Win64; x64) AppleWebKit/537.36 (KHTML, like Gecko) Chrome/143.0.0.0 Safari/537.36 Edg/143.0.0.0','2025-12-16 03:02:51'),(295,28,'update_gn_user','users','33',NULL,'{\"user_id\":\"33\",\"is_active\":1,\"email\":\"eluthoor@fpms.lk\",\"phone\":\"0770089786\"}',NULL,NULL,'2025-12-16 03:05:11'),(296,28,'reset_gn_password','users','33',NULL,'{\"user_id\":\"33\",\"password_reset\":true}',NULL,NULL,'2025-12-16 03:05:22'),(297,28,'reset_gn_password','users','33',NULL,'{\"user_id\":\"33\",\"password_reset\":true}',NULL,NULL,'2025-12-16 03:05:59'),(298,28,'password_reset','Password reset by division_mannar_town for gn_4-2-','Password reset by division_mannar_town for gn_4-2-3-2-140',NULL,NULL,'112.135.70.243','Mozilla/5.0 (Windows NT 10.0; Win64; x64) AppleWebKit/537.36 (KHTML, like Gecko) Chrome/143.0.0.0 Safari/537.36 Edg/143.0.0.0','2025-12-16 03:06:30'),(299,28,'password_reset','Reset password for gn_4-2-3-2-140 (gn)','Reset password for gn_4-2-3-2-140 (gn)',NULL,NULL,'112.135.70.243','Mozilla/5.0 (Windows NT 10.0; Win64; x64) AppleWebKit/537.36 (KHTML, like Gecko) Chrome/143.0.0.0 Safari/537.36 Edg/143.0.0.0','2025-12-16 03:06:30'),(300,33,'login','User logged in successfully','User logged in successfully',NULL,NULL,'112.135.70.243','Mozilla/5.0 (Windows NT 10.0; Win64; x64) AppleWebKit/537.36 (KHTML, like Gecko) Chrome/143.0.0.0 Safari/537.36 Edg/143.0.0.0','2025-12-16 03:08:32'),(301,33,'login_success','User logged in successfully: gn_4-2-3-2-140','User logged in successfully: gn_4-2-3-2-140',NULL,NULL,'112.135.70.243','Mozilla/5.0 (Windows NT 10.0; Win64; x64) AppleWebKit/537.36 (KHTML, like Gecko) Chrome/143.0.0.0 Safari/537.36 Edg/143.0.0.0','2025-12-16 03:08:33'),(302,33,'login','User logged in successfully','User logged in successfully',NULL,NULL,'112.135.70.243','Mozilla/5.0 (Windows NT 10.0; Win64; x64) AppleWebKit/537.36 (KHTML, like Gecko) Chrome/143.0.0.0 Safari/537.36 Edg/143.0.0.0','2025-12-16 03:08:53'),(303,33,'login_success','User logged in successfully: gn_4-2-3-2-140','User logged in successfully: gn_4-2-3-2-140',NULL,NULL,'112.135.70.243','Mozilla/5.0 (Windows NT 10.0; Win64; x64) AppleWebKit/537.36 (KHTML, like Gecko) Chrome/143.0.0.0 Safari/537.36 Edg/143.0.0.0','2025-12-16 03:08:53'),(304,33,'create','families','42321216084042',NULL,NULL,'112.135.70.243','Mozilla/5.0 (Windows NT 10.0; Win64; x64) AppleWebKit/537.36 (KHTML, like Gecko) Chrome/143.0.0.0 Safari/537.36 Edg/143.0.0.0','2025-12-16 03:10:42'),(305,33,'add_member','citizens','42321216084042',NULL,'{\"family_id\":\"42321216084042\",\"member_name\":\"VInasha\",\"relation\":\"Wife\"}',NULL,NULL,'2025-12-16 03:17:43'),(306,33,'add_member','citizens','42321216084042',NULL,'{\"family_id\":\"42321216084042\",\"member_name\":\"Vithusha\",\"relation\":\"Daughter\"}',NULL,NULL,'2025-12-16 03:19:02'),(307,33,'transfer_request','transfer_history','TRF202512160850226603',NULL,'{\"family_id\":\"42321216084042\",\"from_gn\":\"4-2-3-2-140\",\"to_gn_id\":\"4-2-3-2-150\",\"reason\":\"Relocation\",\"status\":\"pending\"}','10.4.56.116','Mozilla/5.0 (Windows NT 10.0; Win64; x64) AppleWebKit/537.36 (KHTML, like Gecko) Chrome/143.0.0.0 Safari/537.36 Edg/143.0.0.0','2025-12-16 03:20:22'),(308,32,'login','User logged in successfully','User logged in successfully',NULL,NULL,'10.4.56.116','Mozilla/5.0 (Windows NT 10.0; Win64; x64) AppleWebKit/537.36 (KHTML, like Gecko) Chrome/143.0.0.0 Safari/537.36 Edg/143.0.0.0','2025-12-16 03:21:33'),(309,32,'login_success','User logged in successfully: gn_4-2-3-2-150','User logged in successfully: gn_4-2-3-2-150',NULL,NULL,'10.4.56.116','Mozilla/5.0 (Windows NT 10.0; Win64; x64) AppleWebKit/537.36 (KHTML, like Gecko) Chrome/143.0.0.0 Safari/537.36 Edg/143.0.0.0','2025-12-16 03:21:35'),(310,28,'login','User logged in successfully','User logged in successfully',NULL,NULL,'10.4.56.116','Mozilla/5.0 (Windows NT 10.0; Win64; x64) AppleWebKit/537.36 (KHTML, like Gecko) Chrome/143.0.0.0 Safari/537.36 Edg/143.0.0.0','2025-12-16 03:25:56'),(311,28,'login_success','User logged in successfully: division_mannar_town','User logged in successfully: division_mannar_town',NULL,NULL,'10.4.56.116','Mozilla/5.0 (Windows NT 10.0; Win64; x64) AppleWebKit/537.36 (KHTML, like Gecko) Chrome/143.0.0.0 Safari/537.36 Edg/143.0.0.0','2025-12-16 03:25:56'),(312,28,'approve_transfer','transfer_history','TRF202512160850226603',NULL,'{\"status\":\"approved\",\"transfer_id\":\"TRF202512160850226603\",\"action_by\":28,\"note\":\"Approved transfer\"}','10.4.56.116','Mozilla/5.0 (Windows NT 10.0; Win64; x64) AppleWebKit/537.36 (KHTML, like Gecko) Chrome/143.0.0.0 Safari/537.36 Edg/143.0.0.0','2025-12-16 03:27:21'),(313,32,'login','User logged in successfully','User logged in successfully',NULL,NULL,'10.4.56.116','Mozilla/5.0 (Windows NT 10.0; Win64; x64) AppleWebKit/537.36 (KHTML, like Gecko) Chrome/143.0.0.0 Safari/537.36 Edg/143.0.0.0','2025-12-16 03:27:54'),(314,32,'login_success','User logged in successfully: gn_4-2-3-2-150','User logged in successfully: gn_4-2-3-2-150',NULL,NULL,'10.4.56.116','Mozilla/5.0 (Windows NT 10.0; Win64; x64) AppleWebKit/537.36 (KHTML, like Gecko) Chrome/143.0.0.0 Safari/537.36 Edg/143.0.0.0','2025-12-16 03:27:55'),(315,34,'login','User logged in successfully','User logged in successfully',NULL,NULL,'10.4.56.116','Mozilla/5.0 (Windows NT 10.0; Win64; x64) AppleWebKit/537.36 (KHTML, like Gecko) Chrome/143.0.0.0 Safari/537.36 Edg/143.0.0.0','2025-12-16 03:28:40'),(316,34,'login_success','User logged in successfully: gn_4-2-3-2-110','User logged in successfully: gn_4-2-3-2-110',NULL,NULL,'10.4.56.116','Mozilla/5.0 (Windows NT 10.0; Win64; x64) AppleWebKit/537.36 (KHTML, like Gecko) Chrome/143.0.0.0 Safari/537.36 Edg/143.0.0.0','2025-12-16 03:28:40'),(317,34,'complete_transfer','transfer_history','TRF202512120618579808',NULL,'{\"status\":\"completed\",\"transfer_id\":\"TRF202512120618579808\",\"action_by\":34,\"note\":\"\"}','10.4.56.116','Mozilla/5.0 (Windows NT 10.0; Win64; x64) AppleWebKit/537.36 (KHTML, like Gecko) Chrome/143.0.0.0 Safari/537.36 Edg/143.0.0.0','2025-12-16 03:29:40'),(318,32,'login','User logged in successfully','User logged in successfully',NULL,NULL,'10.4.56.116','Mozilla/5.0 (Windows NT 10.0; Win64; x64) AppleWebKit/537.36 (KHTML, like Gecko) Chrome/143.0.0.0 Safari/537.36 Edg/143.0.0.0','2025-12-16 04:03:57'),(319,32,'login_success','User logged in successfully: gn_4-2-3-2-150','User logged in successfully: gn_4-2-3-2-150',NULL,NULL,'10.4.56.116','Mozilla/5.0 (Windows NT 10.0; Win64; x64) AppleWebKit/537.36 (KHTML, like Gecko) Chrome/143.0.0.0 Safari/537.36 Edg/143.0.0.0','2025-12-16 04:03:58'),(320,34,'login','User logged in successfully','User logged in successfully',NULL,NULL,'10.4.56.116','Mozilla/5.0 (Windows NT 10.0; Win64; x64) AppleWebKit/537.36 (KHTML, like Gecko) Chrome/143.0.0.0 Safari/537.36 Edg/143.0.0.0','2025-12-16 04:04:38'),(321,34,'login_success','User logged in successfully: gn_4-2-3-2-110','User logged in successfully: gn_4-2-3-2-110',NULL,NULL,'10.4.56.116','Mozilla/5.0 (Windows NT 10.0; Win64; x64) AppleWebKit/537.36 (KHTML, like Gecko) Chrome/143.0.0.0 Safari/537.36 Edg/143.0.0.0','2025-12-16 04:04:38'),(322,32,'login','User logged in successfully','User logged in successfully',NULL,NULL,'10.4.56.116','Mozilla/5.0 (Windows NT 10.0; Win64; x64) AppleWebKit/537.36 (KHTML, like Gecko) Chrome/143.0.0.0 Safari/537.36 Edg/143.0.0.0','2025-12-16 04:05:22'),(323,32,'login_success','User logged in successfully: gn_4-2-3-2-150','User logged in successfully: gn_4-2-3-2-150',NULL,NULL,'10.4.56.116','Mozilla/5.0 (Windows NT 10.0; Win64; x64) AppleWebKit/537.36 (KHTML, like Gecko) Chrome/143.0.0.0 Safari/537.36 Edg/143.0.0.0','2025-12-16 04:05:22'),(324,34,'transfer_request','transfer_history','TRF202512160939064577',NULL,'{\"family_id\":\"42321215140441\",\"from_gn\":\"4-2-3-2-110\",\"to_gn_id\":\"4-2-3-2-150\",\"reason\":\"Education\",\"status\":\"pending\"}','10.4.56.116','Mozilla/5.0 (Windows NT 10.0; Win64; x64) AppleWebKit/537.36 (KHTML, like Gecko) Chrome/143.0.0.0 Safari/537.36 Edg/143.0.0.0','2025-12-16 04:09:06'),(325,28,'login','User logged in successfully','User logged in successfully',NULL,NULL,'10.4.56.116','Mozilla/5.0 (Windows NT 10.0; Win64; x64) AppleWebKit/537.36 (KHTML, like Gecko) Chrome/143.0.0.0 Safari/537.36 Edg/143.0.0.0','2025-12-16 04:15:18'),(326,28,'login_success','User logged in successfully: division_mannar_town','User logged in successfully: division_mannar_town',NULL,NULL,'10.4.56.116','Mozilla/5.0 (Windows NT 10.0; Win64; x64) AppleWebKit/537.36 (KHTML, like Gecko) Chrome/143.0.0.0 Safari/537.36 Edg/143.0.0.0','2025-12-16 04:15:18'),(327,28,'approve_transfer','transfer_history','TRF202512160939064577',NULL,'{\"status\":\"approved\",\"transfer_id\":\"TRF202512160939064577\",\"action_by\":28,\"note\":\"Ok Apprivae\"}','10.4.56.116','Mozilla/5.0 (Windows NT 10.0; Win64; x64) AppleWebKit/537.36 (KHTML, like Gecko) Chrome/143.0.0.0 Safari/537.36 Edg/143.0.0.0','2025-12-16 04:15:50'),(328,32,'complete_transfer','transfer_history','TRF202512160939064577',NULL,'{\"status\":\"completed\",\"transfer_id\":\"TRF202512160939064577\",\"action_by\":32,\"note\":\"Welcome\"}','10.4.56.116','Mozilla/5.0 (Windows NT 10.0; Win64; x64) AppleWebKit/537.36 (KHTML, like Gecko) Chrome/143.0.0.0 Safari/537.36 Edg/143.0.0.0','2025-12-16 04:16:31'),(329,28,'login','User logged in successfully','User logged in successfully',NULL,NULL,'192.248.56.2','Mozilla/5.0 (Windows NT 10.0; Win64; x64) AppleWebKit/537.36 (KHTML, like Gecko) Chrome/143.0.0.0 Safari/537.36 Edg/143.0.0.0','2025-12-16 08:06:25'),(330,28,'login_success','User logged in successfully: division_mannar_town','User logged in successfully: division_mannar_town',NULL,NULL,'192.248.56.2','Mozilla/5.0 (Windows NT 10.0; Win64; x64) AppleWebKit/537.36 (KHTML, like Gecko) Chrome/143.0.0.0 Safari/537.36 Edg/143.0.0.0','2025-12-16 08:06:25'),(331,34,'login','User logged in successfully','User logged in successfully',NULL,NULL,'192.248.56.2','Mozilla/5.0 (Windows NT 10.0; Win64; x64) AppleWebKit/537.36 (KHTML, like Gecko) Chrome/143.0.0.0 Safari/537.36 Edg/143.0.0.0','2025-12-16 09:54:47'),(332,34,'login_success','User logged in successfully: gn_4-2-3-2-110','User logged in successfully: gn_4-2-3-2-110',NULL,NULL,'192.248.56.2','Mozilla/5.0 (Windows NT 10.0; Win64; x64) AppleWebKit/537.36 (KHTML, like Gecko) Chrome/143.0.0.0 Safari/537.36 Edg/143.0.0.0','2025-12-16 09:54:47'),(333,34,'login','User logged in successfully','User logged in successfully',NULL,NULL,'112.135.69.186','Mozilla/5.0 (Windows NT 10.0; Win64; x64) AppleWebKit/537.36 (KHTML, like Gecko) Chrome/143.0.0.0 Safari/537.36 Edg/143.0.0.0','2025-12-16 17:01:45'),(334,34,'login_success','User logged in successfully: gn_4-2-3-2-110','User logged in successfully: gn_4-2-3-2-110',NULL,NULL,'112.135.69.186','Mozilla/5.0 (Windows NT 10.0; Win64; x64) AppleWebKit/537.36 (KHTML, like Gecko) Chrome/143.0.0.0 Safari/537.36 Edg/143.0.0.0','2025-12-16 17:01:45'),(335,1,'login','User logged in successfully','User logged in successfully',NULL,NULL,'112.135.69.186','Mozilla/5.0 (Windows NT 10.0; Win64; x64) AppleWebKit/537.36 (KHTML, like Gecko) Chrome/143.0.0.0 Safari/537.36 Edg/143.0.0.0','2025-12-16 17:12:20'),(336,1,'login_success','User logged in successfully: moha_admin','User logged in successfully: moha_admin',NULL,NULL,'112.135.69.186','Mozilla/5.0 (Windows NT 10.0; Win64; x64) AppleWebKit/537.36 (KHTML, like Gecko) Chrome/143.0.0.0 Safari/537.36 Edg/143.0.0.0','2025-12-16 17:12:20'),(337,34,'login','User logged in successfully','User logged in successfully',NULL,NULL,'112.135.69.186','Mozilla/5.0 (Windows NT 10.0; Win64; x64) AppleWebKit/537.36 (KHTML, like Gecko) Chrome/143.0.0.0 Safari/537.36 Edg/143.0.0.0','2025-12-16 17:12:35'),(338,34,'login_success','User logged in successfully: gn_4-2-3-2-110','User logged in successfully: gn_4-2-3-2-110',NULL,NULL,'112.135.69.186','Mozilla/5.0 (Windows NT 10.0; Win64; x64) AppleWebKit/537.36 (KHTML, like Gecko) Chrome/143.0.0.0 Safari/537.36 Edg/143.0.0.0','2025-12-16 17:12:35'),(339,1,'login','User logged in successfully','User logged in successfully',NULL,NULL,'112.135.69.186','Mozilla/5.0 (Windows NT 10.0; Win64; x64) AppleWebKit/537.36 (KHTML, like Gecko) Chrome/143.0.0.0 Safari/537.36 Edg/143.0.0.0','2025-12-16 17:12:52'),(340,1,'login_success','User logged in successfully: moha_admin','User logged in successfully: moha_admin',NULL,NULL,'112.135.69.186','Mozilla/5.0 (Windows NT 10.0; Win64; x64) AppleWebKit/537.36 (KHTML, like Gecko) Chrome/143.0.0.0 Safari/537.36 Edg/143.0.0.0','2025-12-16 17:12:52'),(341,1,'form_created','Created form: New form (ID: 1)','Created form: New form (ID: 1)',NULL,NULL,'112.135.69.186','Mozilla/5.0 (Windows NT 10.0; Win64; x64) AppleWebKit/537.36 (KHTML, like Gecko) Chrome/143.0.0.0 Safari/537.36 Edg/143.0.0.0','2025-12-16 17:31:25'),(342,34,'login','User logged in successfully','User logged in successfully',NULL,NULL,'112.135.69.186','Mozilla/5.0 (Windows NT 10.0; Win64; x64) AppleWebKit/537.36 (KHTML, like Gecko) Chrome/143.0.0.0 Safari/537.36 Edg/143.0.0.0','2025-12-16 17:45:32'),(343,34,'login_success','User logged in successfully: gn_4-2-3-2-110','User logged in successfully: gn_4-2-3-2-110',NULL,NULL,'112.135.69.186','Mozilla/5.0 (Windows NT 10.0; Win64; x64) AppleWebKit/537.36 (KHTML, like Gecko) Chrome/143.0.0.0 Safari/537.36 Edg/143.0.0.0','2025-12-16 17:45:32'),(344,1,'login','User logged in successfully','User logged in successfully',NULL,NULL,'112.135.69.186','Mozilla/5.0 (Windows NT 10.0; Win64; x64) AppleWebKit/537.36 (KHTML, like Gecko) Chrome/143.0.0.0 Safari/537.36 Edg/143.0.0.0','2025-12-16 17:49:03'),(345,1,'login_success','User logged in successfully: moha_admin','User logged in successfully: moha_admin',NULL,NULL,'112.135.69.186','Mozilla/5.0 (Windows NT 10.0; Win64; x64) AppleWebKit/537.36 (KHTML, like Gecko) Chrome/143.0.0.0 Safari/537.36 Edg/143.0.0.0','2025-12-16 17:49:03'),(346,34,'login','User logged in successfully','User logged in successfully',NULL,NULL,'112.135.69.186','Mozilla/5.0 (Windows NT 10.0; Win64; x64) AppleWebKit/537.36 (KHTML, like Gecko) Chrome/143.0.0.0 Safari/537.36 Edg/143.0.0.0','2025-12-16 19:15:12'),(347,34,'login_success','User logged in successfully: gn_4-2-3-2-110','User logged in successfully: gn_4-2-3-2-110',NULL,NULL,'112.135.69.186','Mozilla/5.0 (Windows NT 10.0; Win64; x64) AppleWebKit/537.36 (KHTML, like Gecko) Chrome/143.0.0.0 Safari/537.36 Edg/143.0.0.0','2025-12-16 19:15:18'),(348,34,'unauthorized_access','Attempted access to role-restricted page: /fpms/fo','Attempted access to role-restricted page: /fpms/forms/builder.php?form_id=1',NULL,NULL,'112.135.69.186','Mozilla/5.0 (Windows NT 10.0; Win64; x64) AppleWebKit/537.36 (KHTML, like Gecko) Chrome/143.0.0.0 Safari/537.36 Edg/143.0.0.0','2025-12-16 19:30:06'),(349,34,'unauthorized_access','Attempted access to role-restricted page: /fpms/fo','Attempted access to role-restricted page: /fpms/forms/builder.php?form_id=1',NULL,NULL,'112.135.69.186','Mozilla/5.0 (Windows NT 10.0; Win64; x64) AppleWebKit/537.36 (KHTML, like Gecko) Chrome/143.0.0.0 Safari/537.36 Edg/143.0.0.0','2025-12-16 19:54:22'),(350,34,'unauthorized_access','Attempted access to role-restricted page: /fpms/fo','Attempted access to role-restricted page: /fpms/forms/manage.php',NULL,NULL,'112.135.69.186','Mozilla/5.0 (Windows NT 10.0; Win64; x64) AppleWebKit/537.36 (KHTML, like Gecko) Chrome/143.0.0.0 Safari/537.36 Edg/143.0.0.0','2025-12-16 19:54:29'),(351,1,'login','User logged in successfully','User logged in successfully',NULL,NULL,'112.135.69.186','Mozilla/5.0 (Windows NT 10.0; Win64; x64) AppleWebKit/537.36 (KHTML, like Gecko) Chrome/143.0.0.0 Safari/537.36 Edg/143.0.0.0','2025-12-16 19:54:48'),(352,1,'login_success','User logged in successfully: moha_admin','User logged in successfully: moha_admin',NULL,NULL,'112.135.69.186','Mozilla/5.0 (Windows NT 10.0; Win64; x64) AppleWebKit/537.36 (KHTML, like Gecko) Chrome/143.0.0.0 Safari/537.36 Edg/143.0.0.0','2025-12-16 19:54:48'),(353,1,'unauthorized_access','Attempted access to role-restricted page: /fpms/fo','Attempted access to role-restricted page: /fpms/forms/fill.php',NULL,NULL,'112.135.69.186','Mozilla/5.0 (Windows NT 10.0; Win64; x64) AppleWebKit/537.36 (KHTML, like Gecko) Chrome/143.0.0.0 Safari/537.36 Edg/143.0.0.0','2025-12-16 20:07:51'),(354,34,'login','User logged in successfully','User logged in successfully',NULL,NULL,'112.135.69.186','Mozilla/5.0 (Windows NT 10.0; Win64; x64) AppleWebKit/537.36 (KHTML, like Gecko) Chrome/143.0.0.0 Safari/537.36 Edg/143.0.0.0','2025-12-16 20:18:15'),(355,34,'login_success','User logged in successfully: gn_4-2-3-2-110','User logged in successfully: gn_4-2-3-2-110',NULL,NULL,'112.135.69.186','Mozilla/5.0 (Windows NT 10.0; Win64; x64) AppleWebKit/537.36 (KHTML, like Gecko) Chrome/143.0.0.0 Safari/537.36 Edg/143.0.0.0','2025-12-16 20:18:15'),(356,34,'unauthorized_access','Attempted access to role-restricted page: /fpms/fo','Attempted access to role-restricted page: /fpms/forms/manage.php',NULL,NULL,'112.135.69.186','Mozilla/5.0 (Windows NT 10.0; Win64; x64) AppleWebKit/537.36 (KHTML, like Gecko) Chrome/143.0.0.0 Safari/537.36 Edg/143.0.0.0','2025-12-16 20:30:01'),(357,1,'login','User logged in successfully','User logged in successfully',NULL,NULL,'112.135.69.186','Mozilla/5.0 (Windows NT 10.0; Win64; x64) AppleWebKit/537.36 (KHTML, like Gecko) Chrome/143.0.0.0 Safari/537.36 Edg/143.0.0.0','2025-12-16 20:30:24'),(358,1,'login_success','User logged in successfully: moha_admin','User logged in successfully: moha_admin',NULL,NULL,'112.135.69.186','Mozilla/5.0 (Windows NT 10.0; Win64; x64) AppleWebKit/537.36 (KHTML, like Gecko) Chrome/143.0.0.0 Safari/537.36 Edg/143.0.0.0','2025-12-16 20:30:24'),(359,1,'login','User logged in successfully','User logged in successfully',NULL,NULL,'10.4.56.116','Mozilla/5.0 (Windows NT 10.0; Win64; x64) AppleWebKit/537.36 (KHTML, like Gecko) Chrome/143.0.0.0 Safari/537.36 Edg/143.0.0.0','2025-12-17 09:17:10'),(360,1,'login_success','User logged in successfully: moha_admin','User logged in successfully: moha_admin',NULL,NULL,'10.4.56.116','Mozilla/5.0 (Windows NT 10.0; Win64; x64) AppleWebKit/537.36 (KHTML, like Gecko) Chrome/143.0.0.0 Safari/537.36 Edg/143.0.0.0','2025-12-17 09:17:10'),(361,1,'create_form','forms','2',NULL,'{\"form_name\":\"new form\",\"form_code\":\"new_family\"}','10.4.56.116','Mozilla/5.0 (Windows NT 10.0; Win64; x64) AppleWebKit/537.36 (KHTML, like Gecko) Chrome/143.0.0.0 Safari/537.36 Edg/143.0.0.0','2025-12-17 09:28:12'),(362,1,'login','User logged in successfully','User logged in successfully',NULL,NULL,'10.4.56.116','Mozilla/5.0 (Windows NT 10.0; Win64; x64) AppleWebKit/537.36 (KHTML, like Gecko) Chrome/143.0.0.0 Safari/537.36 Edg/143.0.0.0','2025-12-17 09:45:58'),(363,1,'login_success','User logged in successfully: moha_admin','User logged in successfully: moha_admin',NULL,NULL,'10.4.56.116','Mozilla/5.0 (Windows NT 10.0; Win64; x64) AppleWebKit/537.36 (KHTML, like Gecko) Chrome/143.0.0.0 Safari/537.36 Edg/143.0.0.0','2025-12-17 09:45:58'),(364,1,'create_form','forms','3',NULL,'{\"form_name\":\"Balagi collection form\",\"form_code\":\"barath_form\"}','10.4.56.116','Mozilla/5.0 (Windows NT 10.0; Win64; x64) AppleWebKit/537.36 (KHTML, like Gecko) Chrome/143.0.0.0 Safari/537.36 Edg/143.0.0.0','2025-12-17 09:46:57'),(365,34,'login','User logged in successfully','User logged in successfully',NULL,NULL,'10.4.56.116','Mozilla/5.0 (Windows NT 10.0; Win64; x64) AppleWebKit/537.36 (KHTML, like Gecko) Chrome/143.0.0.0 Safari/537.36 Edg/143.0.0.0','2025-12-17 09:52:53'),(366,34,'login_success','User logged in successfully: gn_4-2-3-2-110','User logged in successfully: gn_4-2-3-2-110',NULL,NULL,'10.4.56.116','Mozilla/5.0 (Windows NT 10.0; Win64; x64) AppleWebKit/537.36 (KHTML, like Gecko) Chrome/143.0.0.0 Safari/537.36 Edg/143.0.0.0','2025-12-17 09:52:53'),(367,1,'login','User logged in successfully','User logged in successfully',NULL,NULL,'10.4.56.116','Mozilla/5.0 (Windows NT 10.0; Win64; x64) AppleWebKit/537.36 (KHTML, like Gecko) Chrome/143.0.0.0 Safari/537.36 Edg/143.0.0.0','2025-12-17 10:02:57'),(368,1,'login_success','User logged in successfully: moha_admin','User logged in successfully: moha_admin',NULL,NULL,'10.4.56.116','Mozilla/5.0 (Windows NT 10.0; Win64; x64) AppleWebKit/537.36 (KHTML, like Gecko) Chrome/143.0.0.0 Safari/537.36 Edg/143.0.0.0','2025-12-17 10:02:57'),(369,1,'login','User logged in successfully','User logged in successfully',NULL,NULL,'10.4.56.116','Mozilla/5.0 (Windows NT 10.0; Win64; x64) AppleWebKit/537.36 (KHTML, like Gecko) Chrome/143.0.0.0 Safari/537.36 Edg/143.0.0.0','2025-12-18 06:27:34'),(370,1,'login_success','User logged in successfully: moha_admin','User logged in successfully: moha_admin',NULL,NULL,'10.4.56.116','Mozilla/5.0 (Windows NT 10.0; Win64; x64) AppleWebKit/537.36 (KHTML, like Gecko) Chrome/143.0.0.0 Safari/537.36 Edg/143.0.0.0','2025-12-18 06:27:35'),(371,16,'login','User logged in successfully','User logged in successfully',NULL,NULL,'10.4.56.116','Mozilla/5.0 (Windows NT 10.0; Win64; x64) AppleWebKit/537.36 (KHTML, like Gecko) Chrome/143.0.0.0 Safari/537.36 Edg/143.0.0.0','2025-12-18 06:28:29'),(372,16,'login_success','User logged in successfully: district_mannar','User logged in successfully: district_mannar',NULL,NULL,'10.4.56.116','Mozilla/5.0 (Windows NT 10.0; Win64; x64) AppleWebKit/537.36 (KHTML, like Gecko) Chrome/143.0.0.0 Safari/537.36 Edg/143.0.0.0','2025-12-18 06:28:29'),(373,27,'login','User logged in successfully','User logged in successfully',NULL,NULL,'10.4.56.116','Mozilla/5.0 (Windows NT 10.0; Win64; x64) AppleWebKit/537.36 (KHTML, like Gecko) Chrome/143.0.0.0 Safari/537.36 Edg/143.0.0.0','2025-12-18 07:35:52'),(374,27,'login_success','User logged in successfully: division_madhu','User logged in successfully: division_madhu',NULL,NULL,'10.4.56.116','Mozilla/5.0 (Windows NT 10.0; Win64; x64) AppleWebKit/537.36 (KHTML, like Gecko) Chrome/143.0.0.0 Safari/537.36 Edg/143.0.0.0','2025-12-18 07:35:52'),(375,1,'login','User logged in successfully','User logged in successfully',NULL,NULL,'10.4.56.116','Mozilla/5.0 (Windows NT 10.0; Win64; x64) AppleWebKit/537.36 (KHTML, like Gecko) Chrome/143.0.0.0 Safari/537.36 Edg/143.0.0.0','2025-12-18 07:36:34'),(376,1,'login_success','User logged in successfully: moha_admin','User logged in successfully: moha_admin',NULL,NULL,'10.4.56.116','Mozilla/5.0 (Windows NT 10.0; Win64; x64) AppleWebKit/537.36 (KHTML, like Gecko) Chrome/143.0.0.0 Safari/537.36 Edg/143.0.0.0','2025-12-18 07:36:34'),(377,27,'login','User logged in successfully','User logged in successfully',NULL,NULL,'10.4.56.116','Mozilla/5.0 (Windows NT 10.0; Win64; x64) AppleWebKit/537.36 (KHTML, like Gecko) Chrome/143.0.0.0 Safari/537.36 Edg/143.0.0.0','2025-12-18 07:52:29'),(378,27,'login_success','User logged in successfully: division_madhu','User logged in successfully: division_madhu',NULL,NULL,'10.4.56.116','Mozilla/5.0 (Windows NT 10.0; Win64; x64) AppleWebKit/537.36 (KHTML, like Gecko) Chrome/143.0.0.0 Safari/537.36 Edg/143.0.0.0','2025-12-18 07:52:29'),(379,16,'login','User logged in successfully','User logged in successfully',NULL,NULL,'10.4.56.116','Mozilla/5.0 (Windows NT 10.0; Win64; x64) AppleWebKit/537.36 (KHTML, like Gecko) Chrome/143.0.0.0 Safari/537.36 Edg/143.0.0.0','2025-12-18 07:52:53'),(380,16,'login_success','User logged in successfully: district_mannar','User logged in successfully: district_mannar',NULL,NULL,'10.4.56.116','Mozilla/5.0 (Windows NT 10.0; Win64; x64) AppleWebKit/537.36 (KHTML, like Gecko) Chrome/143.0.0.0 Safari/537.36 Edg/143.0.0.0','2025-12-18 07:52:55'),(381,1,'login','User logged in successfully','User logged in successfully',NULL,NULL,'10.4.56.116','Mozilla/5.0 (Windows NT 10.0; Win64; x64) AppleWebKit/537.36 (KHTML, like Gecko) Chrome/143.0.0.0 Safari/537.36 Edg/143.0.0.0','2025-12-18 07:53:23'),(382,1,'login_success','User logged in successfully: moha_admin','User logged in successfully: moha_admin',NULL,NULL,'10.4.56.116','Mozilla/5.0 (Windows NT 10.0; Win64; x64) AppleWebKit/537.36 (KHTML, like Gecko) Chrome/143.0.0.0 Safari/537.36 Edg/143.0.0.0','2025-12-18 07:53:24'),(383,1,'password_reset','Password reset by moha_admin for district_mannar','Password reset by moha_admin for district_mannar',NULL,NULL,'10.4.56.116','Mozilla/5.0 (Windows NT 10.0; Win64; x64) AppleWebKit/537.36 (KHTML, like Gecko) Chrome/143.0.0.0 Safari/537.36 Edg/143.0.0.0','2025-12-18 07:56:31'),(384,1,'password_reset','Password reset by moha_admin for district_mannar','Password reset by moha_admin for district_mannar',NULL,NULL,'10.4.56.116','Mozilla/5.0 (Windows NT 10.0; Win64; x64) AppleWebKit/537.36 (KHTML, like Gecko) Chrome/143.0.0.0 Safari/537.36 Edg/143.0.0.0','2025-12-18 07:59:54'),(385,16,'login','User logged in successfully','User logged in successfully',NULL,NULL,'10.4.56.116','Mozilla/5.0 (Windows NT 10.0; Win64; x64) AppleWebKit/537.36 (KHTML, like Gecko) Chrome/143.0.0.0 Safari/537.36 Edg/143.0.0.0','2025-12-18 08:06:42'),(386,16,'login_success','User logged in successfully: district_mannar','User logged in successfully: district_mannar',NULL,NULL,'10.4.56.116','Mozilla/5.0 (Windows NT 10.0; Win64; x64) AppleWebKit/537.36 (KHTML, like Gecko) Chrome/143.0.0.0 Safari/537.36 Edg/143.0.0.0','2025-12-18 08:06:42'),(387,1,'login','User logged in successfully','User logged in successfully',NULL,NULL,'10.4.56.116','Mozilla/5.0 (Windows NT 10.0; Win64; x64) AppleWebKit/537.36 (KHTML, like Gecko) Chrome/143.0.0.0 Safari/537.36 Edg/143.0.0.0','2025-12-18 08:07:13'),(388,1,'login_success','User logged in successfully: moha_admin','User logged in successfully: moha_admin',NULL,NULL,'10.4.56.116','Mozilla/5.0 (Windows NT 10.0; Win64; x64) AppleWebKit/537.36 (KHTML, like Gecko) Chrome/143.0.0.0 Safari/537.36 Edg/143.0.0.0','2025-12-18 08:07:13'),(389,1,'password_reset','Password reset by moha_admin for district_ampara','Password reset by moha_admin for district_ampara',NULL,NULL,'10.4.56.116','Mozilla/5.0 (Windows NT 10.0; Win64; x64) AppleWebKit/537.36 (KHTML, like Gecko) Chrome/143.0.0.0 Safari/537.36 Edg/143.0.0.0','2025-12-18 09:01:33'),(390,1,'user_status_changed','District account activated for user ID: 2','District account activated for user ID: 2',NULL,NULL,'10.4.56.116','Mozilla/5.0 (Windows NT 10.0; Win64; x64) AppleWebKit/537.36 (KHTML, like Gecko) Chrome/143.0.0.0 Safari/537.36 Edg/143.0.0.0','2025-12-18 09:21:36'),(391,1,'password_reset','Password reset by moha_admin for district_ampara','Password reset by moha_admin for district_ampara',NULL,NULL,'10.4.56.116','Mozilla/5.0 (Windows NT 10.0; Win64; x64) AppleWebKit/537.36 (KHTML, like Gecko) Chrome/143.0.0.0 Safari/537.36 Edg/143.0.0.0','2025-12-18 09:21:57'),(392,16,'login','User logged in successfully','User logged in successfully',NULL,NULL,'10.4.56.116','Mozilla/5.0 (Windows NT 10.0; Win64; x64) AppleWebKit/537.36 (KHTML, like Gecko) Chrome/143.0.0.0 Safari/537.36 Edg/143.0.0.0','2025-12-18 09:47:06'),(393,16,'login_success','User logged in successfully: district_mannar','User logged in successfully: district_mannar',NULL,NULL,'10.4.56.116','Mozilla/5.0 (Windows NT 10.0; Win64; x64) AppleWebKit/537.36 (KHTML, like Gecko) Chrome/143.0.0.0 Safari/537.36 Edg/143.0.0.0','2025-12-18 09:47:06'),(394,1,'login','User logged in successfully','User logged in successfully',NULL,NULL,'10.4.56.116','Mozilla/5.0 (Windows NT 10.0; Win64; x64) AppleWebKit/537.36 (KHTML, like Gecko) Chrome/143.0.0.0 Safari/537.36 Edg/143.0.0.0','2025-12-18 10:04:25'),(395,1,'login_success','User logged in successfully: moha_admin','User logged in successfully: moha_admin',NULL,NULL,'10.4.56.116','Mozilla/5.0 (Windows NT 10.0; Win64; x64) AppleWebKit/537.36 (KHTML, like Gecko) Chrome/143.0.0.0 Safari/537.36 Edg/143.0.0.0','2025-12-18 10:04:26'),(396,16,'login','User logged in successfully','User logged in successfully',NULL,NULL,'10.4.56.116','Mozilla/5.0 (Windows NT 10.0; Win64; x64) AppleWebKit/537.36 (KHTML, like Gecko) Chrome/143.0.0.0 Safari/537.36 Edg/143.0.0.0','2025-12-18 10:06:11'),(397,16,'login_success','User logged in successfully: district_mannar','User logged in successfully: district_mannar',NULL,NULL,'10.4.56.116','Mozilla/5.0 (Windows NT 10.0; Win64; x64) AppleWebKit/537.36 (KHTML, like Gecko) Chrome/143.0.0.0 Safari/537.36 Edg/143.0.0.0','2025-12-18 10:06:11'),(398,31,'login','User logged in successfully','User logged in successfully',NULL,NULL,'10.4.56.116','Mozilla/5.0 (Windows NT 10.0; Win64; x64) AppleWebKit/537.36 (KHTML, like Gecko) Chrome/143.0.0.0 Safari/537.36 Edg/143.0.0.0','2025-12-18 10:07:09'),(399,31,'login_success','User logged in successfully: division_nanaddan','User logged in successfully: division_nanaddan',NULL,NULL,'10.4.56.116','Mozilla/5.0 (Windows NT 10.0; Win64; x64) AppleWebKit/537.36 (KHTML, like Gecko) Chrome/143.0.0.0 Safari/537.36 Edg/143.0.0.0','2025-12-18 10:07:10'),(400,31,'unauthorized_access','Attempted access to role-restricted page: /fpms/ad','Attempted access to role-restricted page: /fpms/admin/audit_logs.php',NULL,NULL,'10.4.56.116','Mozilla/5.0 (Windows NT 10.0; Win64; x64) AppleWebKit/537.36 (KHTML, like Gecko) Chrome/143.0.0.0 Safari/537.36 Edg/143.0.0.0','2025-12-18 10:30:28'),(401,31,'login','User logged in successfully','User logged in successfully',NULL,NULL,'10.4.56.116','Mozilla/5.0 (Windows NT 10.0; Win64; x64) AppleWebKit/537.36 (KHTML, like Gecko) Chrome/143.0.0.0 Safari/537.36 Edg/143.0.0.0','2025-12-18 11:13:15'),(402,31,'login_success','User logged in successfully: division_nanaddan','User logged in successfully: division_nanaddan',NULL,NULL,'10.4.56.116','Mozilla/5.0 (Windows NT 10.0; Win64; x64) AppleWebKit/537.36 (KHTML, like Gecko) Chrome/143.0.0.0 Safari/537.36 Edg/143.0.0.0','2025-12-18 11:13:15'),(403,28,'login','User logged in successfully','User logged in successfully',NULL,NULL,'10.4.56.116','Mozilla/5.0 (Windows NT 10.0; Win64; x64) AppleWebKit/537.36 (KHTML, like Gecko) Chrome/143.0.0.0 Safari/537.36 Edg/143.0.0.0','2025-12-18 11:18:10'),(404,28,'login_success','User logged in successfully: division_mannar_town','User logged in successfully: division_mannar_town',NULL,NULL,'10.4.56.116','Mozilla/5.0 (Windows NT 10.0; Win64; x64) AppleWebKit/537.36 (KHTML, like Gecko) Chrome/143.0.0.0 Safari/537.36 Edg/143.0.0.0','2025-12-18 11:18:10'),(405,33,'login','User logged in successfully','User logged in successfully',NULL,NULL,'10.4.56.116','Mozilla/5.0 (Windows NT 10.0; Win64; x64) AppleWebKit/537.36 (KHTML, like Gecko) Chrome/143.0.0.0 Safari/537.36 Edg/143.0.0.0','2025-12-18 11:18:33'),(406,33,'login_success','User logged in successfully: gn_4-2-3-2-140','User logged in successfully: gn_4-2-3-2-140',NULL,NULL,'10.4.56.116','Mozilla/5.0 (Windows NT 10.0; Win64; x64) AppleWebKit/537.36 (KHTML, like Gecko) Chrome/143.0.0.0 Safari/537.36 Edg/143.0.0.0','2025-12-18 11:18:33'),(407,28,'login','User logged in successfully','User logged in successfully',NULL,NULL,'10.4.56.116','Mozilla/5.0 (Windows NT 10.0; Win64; x64) AppleWebKit/537.36 (KHTML, like Gecko) Chrome/143.0.0.0 Safari/537.36 Edg/143.0.0.0','2025-12-18 11:24:50'),(408,28,'login_success','User logged in successfully: division_mannar_town','User logged in successfully: division_mannar_town',NULL,NULL,'10.4.56.116','Mozilla/5.0 (Windows NT 10.0; Win64; x64) AppleWebKit/537.36 (KHTML, like Gecko) Chrome/143.0.0.0 Safari/537.36 Edg/143.0.0.0','2025-12-18 11:24:50'),(409,28,'login','User logged in successfully','User logged in successfully',NULL,NULL,'112.135.64.142','Mozilla/5.0 (Windows NT 10.0; Win64; x64) AppleWebKit/537.36 (KHTML, like Gecko) Chrome/143.0.0.0 Safari/537.36 Edg/143.0.0.0','2025-12-18 14:26:16'),(410,28,'login_success','User logged in successfully: division_mannar_town','User logged in successfully: division_mannar_town',NULL,NULL,'112.135.64.142','Mozilla/5.0 (Windows NT 10.0; Win64; x64) AppleWebKit/537.36 (KHTML, like Gecko) Chrome/143.0.0.0 Safari/537.36 Edg/143.0.0.0','2025-12-18 14:26:16'),(411,31,'login','User logged in successfully','User logged in successfully',NULL,NULL,'112.135.64.142','Mozilla/5.0 (Windows NT 10.0; Win64; x64) AppleWebKit/537.36 (KHTML, like Gecko) Chrome/143.0.0.0 Safari/537.36 Edg/143.0.0.0','2025-12-18 14:36:40'),(412,31,'login_success','User logged in successfully: division_nanaddan','User logged in successfully: division_nanaddan',NULL,NULL,'112.135.64.142','Mozilla/5.0 (Windows NT 10.0; Win64; x64) AppleWebKit/537.36 (KHTML, like Gecko) Chrome/143.0.0.0 Safari/537.36 Edg/143.0.0.0','2025-12-18 14:36:40'),(413,28,'login','User logged in successfully','User logged in successfully',NULL,NULL,'112.135.64.142','Mozilla/5.0 (Windows NT 10.0; Win64; x64) AppleWebKit/537.36 (KHTML, like Gecko) Chrome/143.0.0.0 Safari/537.36 Edg/143.0.0.0','2025-12-18 14:38:07'),(414,28,'login_success','User logged in successfully: division_mannar_town','User logged in successfully: division_mannar_town',NULL,NULL,'112.135.64.142','Mozilla/5.0 (Windows NT 10.0; Win64; x64) AppleWebKit/537.36 (KHTML, like Gecko) Chrome/143.0.0.0 Safari/537.36 Edg/143.0.0.0','2025-12-18 14:38:07'),(415,16,'login','User logged in successfully','User logged in successfully',NULL,NULL,'112.135.64.142','Mozilla/5.0 (Windows NT 10.0; Win64; x64) AppleWebKit/537.36 (KHTML, like Gecko) Chrome/143.0.0.0 Safari/537.36 Edg/143.0.0.0','2025-12-18 14:58:27'),(416,16,'login_success','User logged in successfully: district_mannar','User logged in successfully: district_mannar',NULL,NULL,'112.135.64.142','Mozilla/5.0 (Windows NT 10.0; Win64; x64) AppleWebKit/537.36 (KHTML, like Gecko) Chrome/143.0.0.0 Safari/537.36 Edg/143.0.0.0','2025-12-18 14:58:27'),(417,1,'login','User logged in successfully','User logged in successfully',NULL,NULL,'112.135.64.142','Mozilla/5.0 (Windows NT 10.0; Win64; x64) AppleWebKit/537.36 (KHTML, like Gecko) Chrome/143.0.0.0 Safari/537.36 Edg/143.0.0.0','2025-12-18 14:59:24'),(418,1,'login_success','User logged in successfully: moha_admin','User logged in successfully: moha_admin',NULL,NULL,'112.135.64.142','Mozilla/5.0 (Windows NT 10.0; Win64; x64) AppleWebKit/537.36 (KHTML, like Gecko) Chrome/143.0.0.0 Safari/537.36 Edg/143.0.0.0','2025-12-18 14:59:24'),(419,1,'password_reset','Password reset by moha_admin for district_ampara','Password reset by moha_admin for district_ampara',NULL,NULL,'112.135.64.142','Mozilla/5.0 (Windows NT 10.0; Win64; x64) AppleWebKit/537.36 (KHTML, like Gecko) Chrome/143.0.0.0 Safari/537.36 Edg/143.0.0.0','2025-12-18 14:59:49'),(420,32,'login','User logged in successfully','User logged in successfully',NULL,NULL,'112.135.64.142','Mozilla/5.0 (Windows NT 10.0; Win64; x64) AppleWebKit/537.36 (KHTML, like Gecko) Chrome/143.0.0.0 Safari/537.36 Edg/143.0.0.0','2025-12-18 15:00:21'),(421,32,'login_success','User logged in successfully: gn_4-2-3-2-150','User logged in successfully: gn_4-2-3-2-150',NULL,NULL,'112.135.64.142','Mozilla/5.0 (Windows NT 10.0; Win64; x64) AppleWebKit/537.36 (KHTML, like Gecko) Chrome/143.0.0.0 Safari/537.36 Edg/143.0.0.0','2025-12-18 15:00:21'),(422,1,'login','User logged in successfully','User logged in successfully',NULL,NULL,'112.135.64.142','Mozilla/5.0 (Windows NT 10.0; Win64; x64) AppleWebKit/537.36 (KHTML, like Gecko) Chrome/143.0.0.0 Safari/537.36 Edg/143.0.0.0','2025-12-18 16:02:29'),(423,1,'login_success','User logged in successfully: moha_admin','User logged in successfully: moha_admin',NULL,NULL,'112.135.64.142','Mozilla/5.0 (Windows NT 10.0; Win64; x64) AppleWebKit/537.36 (KHTML, like Gecko) Chrome/143.0.0.0 Safari/537.36 Edg/143.0.0.0','2025-12-18 16:02:29'),(424,32,'login','User logged in successfully','User logged in successfully',NULL,NULL,'112.135.64.142','Mozilla/5.0 (Windows NT 10.0; Win64; x64) AppleWebKit/537.36 (KHTML, like Gecko) Chrome/143.0.0.0 Safari/537.36 Edg/143.0.0.0','2025-12-18 16:04:35'),(425,32,'login_success','User logged in successfully: gn_4-2-3-2-150','User logged in successfully: gn_4-2-3-2-150',NULL,NULL,'112.135.64.142','Mozilla/5.0 (Windows NT 10.0; Win64; x64) AppleWebKit/537.36 (KHTML, like Gecko) Chrome/143.0.0.0 Safari/537.36 Edg/143.0.0.0','2025-12-18 16:04:35'),(426,1,'login','User logged in successfully','User logged in successfully',NULL,NULL,'112.135.64.142','Mozilla/5.0 (Windows NT 10.0; Win64; x64) AppleWebKit/537.36 (KHTML, like Gecko) Chrome/143.0.0.0 Safari/537.36 Edg/143.0.0.0','2025-12-18 16:09:05'),(427,1,'login_success','User logged in successfully: moha_admin','User logged in successfully: moha_admin',NULL,NULL,'112.135.64.142','Mozilla/5.0 (Windows NT 10.0; Win64; x64) AppleWebKit/537.36 (KHTML, like Gecko) Chrome/143.0.0.0 Safari/537.36 Edg/143.0.0.0','2025-12-18 16:09:05'),(428,32,'login','User logged in successfully','User logged in successfully',NULL,NULL,'112.135.64.142','Mozilla/5.0 (Windows NT 10.0; Win64; x64) AppleWebKit/537.36 (KHTML, like Gecko) Chrome/143.0.0.0 Safari/537.36 Edg/143.0.0.0','2025-12-18 16:13:42'),(429,32,'login_success','User logged in successfully: gn_4-2-3-2-150','User logged in successfully: gn_4-2-3-2-150',NULL,NULL,'112.135.64.142','Mozilla/5.0 (Windows NT 10.0; Win64; x64) AppleWebKit/537.36 (KHTML, like Gecko) Chrome/143.0.0.0 Safari/537.36 Edg/143.0.0.0','2025-12-18 16:13:42'),(430,32,'complete_transfer','transfer_history','TRF202512160850226603',NULL,'{\"status\":\"completed\",\"transfer_id\":\"TRF202512160850226603\",\"action_by\":32,\"note\":\"\"}','112.135.64.142','Mozilla/5.0 (Windows NT 10.0; Win64; x64) AppleWebKit/537.36 (KHTML, like Gecko) Chrome/143.0.0.0 Safari/537.36 Edg/143.0.0.0','2025-12-18 16:23:16'),(431,1,'login','User logged in successfully','User logged in successfully',NULL,NULL,'112.135.64.142','Mozilla/5.0 (Windows NT 10.0; Win64; x64) AppleWebKit/537.36 (KHTML, like Gecko) Chrome/143.0.0.0 Safari/537.36 Edg/143.0.0.0','2025-12-18 16:23:43'),(432,1,'login_success','User logged in successfully: moha_admin','User logged in successfully: moha_admin',NULL,NULL,'112.135.64.142','Mozilla/5.0 (Windows NT 10.0; Win64; x64) AppleWebKit/537.36 (KHTML, like Gecko) Chrome/143.0.0.0 Safari/537.36 Edg/143.0.0.0','2025-12-18 16:23:43'),(433,1,'user_status_changed','District account activated for user ID: 3','District account activated for user ID: 3',NULL,NULL,'112.135.64.142','Mozilla/5.0 (Windows NT 10.0; Win64; x64) AppleWebKit/537.36 (KHTML, like Gecko) Chrome/143.0.0.0 Safari/537.36 Edg/143.0.0.0','2025-12-18 16:24:06'),(434,1,'create_form','forms','4',NULL,'{\"form_name\":\"Apple form\",\"form_code\":\"apple_form\"}','112.135.64.142','Mozilla/5.0 (Windows NT 10.0; Win64; x64) AppleWebKit/537.36 (KHTML, like Gecko) Chrome/143.0.0.0 Safari/537.36 Edg/143.0.0.0','2025-12-18 16:26:49'),(435,34,'login','User logged in successfully','User logged in successfully',NULL,NULL,'112.135.64.142','Mozilla/5.0 (Windows NT 10.0; Win64; x64) AppleWebKit/537.36 (KHTML, like Gecko) Chrome/143.0.0.0 Safari/537.36 Edg/143.0.0.0','2025-12-18 16:28:58'),(436,34,'login_success','User logged in successfully: gn_4-2-3-2-110','User logged in successfully: gn_4-2-3-2-110',NULL,NULL,'112.135.64.142','Mozilla/5.0 (Windows NT 10.0; Win64; x64) AppleWebKit/537.36 (KHTML, like Gecko) Chrome/143.0.0.0 Safari/537.36 Edg/143.0.0.0','2025-12-18 16:28:58'),(437,34,'unauthorized_access','Attempted access to role-restricted page: /fpms/fo','Attempted access to role-restricted page: /fpms/forms/create.php',NULL,NULL,'112.135.64.142','Mozilla/5.0 (Windows NT 10.0; Win64; x64) AppleWebKit/537.36 (KHTML, like Gecko) Chrome/143.0.0.0 Safari/537.36 Edg/143.0.0.0','2025-12-18 16:34:56'),(438,34,'unauthorized_access','Attempted access to role-restricted page: /fpms/fo','Attempted access to role-restricted page: /fpms/forms/builder.php?form_id=4',NULL,NULL,'112.135.64.142','Mozilla/5.0 (Windows NT 10.0; Win64; x64) AppleWebKit/537.36 (KHTML, like Gecko) Chrome/143.0.0.0 Safari/537.36 Edg/143.0.0.0','2025-12-18 16:34:58'),(439,34,'unauthorized_access','Attempted access to role-restricted page: /fpms/fo','Attempted access to role-restricted page: /fpms/forms/builder.php?form_id=4',NULL,NULL,'112.135.64.142','Mozilla/5.0 (Windows NT 10.0; Win64; x64) AppleWebKit/537.36 (KHTML, like Gecko) Chrome/143.0.0.0 Safari/537.36 Edg/143.0.0.0','2025-12-18 16:35:01'),(440,34,'unauthorized_access','Attempted access to role-restricted page: /fpms/fo','Attempted access to role-restricted page: /fpms/forms/create.php',NULL,NULL,'112.135.64.142','Mozilla/5.0 (Windows NT 10.0; Win64; x64) AppleWebKit/537.36 (KHTML, like Gecko) Chrome/143.0.0.0 Safari/537.36 Edg/143.0.0.0','2025-12-18 16:35:01'),(441,34,'unauthorized_access','Attempted access to role-restricted page: /fpms/ad','Attempted access to role-restricted page: /fpms/admin/district_details.php?id=16',NULL,NULL,'112.135.64.142','Mozilla/5.0 (Windows NT 10.0; Win64; x64) AppleWebKit/537.36 (KHTML, like Gecko) Chrome/143.0.0.0 Safari/537.36 Edg/143.0.0.0','2025-12-18 16:35:02'),(442,34,'unauthorized_access','Attempted access to role-restricted page: /fpms/ad','Attempted access to role-restricted page: /fpms/admin/districts.php',NULL,NULL,'112.135.64.142','Mozilla/5.0 (Windows NT 10.0; Win64; x64) AppleWebKit/537.36 (KHTML, like Gecko) Chrome/143.0.0.0 Safari/537.36 Edg/143.0.0.0','2025-12-18 16:35:03'),(443,34,'unauthorized_access','Attempted access to role-restricted page: /fpms/ad','Attempted access to role-restricted page: /fpms/admin/districts.php',NULL,NULL,'112.135.64.142','Mozilla/5.0 (Windows NT 10.0; Win64; x64) AppleWebKit/537.36 (KHTML, like Gecko) Chrome/143.0.0.0 Safari/537.36 Edg/143.0.0.0','2025-12-18 16:35:04'),(444,1,'login','User logged in successfully','User logged in successfully',NULL,NULL,'112.135.64.142','Mozilla/5.0 (Windows NT 10.0; Win64; x64) AppleWebKit/537.36 (KHTML, like Gecko) Chrome/143.0.0.0 Safari/537.36 Edg/143.0.0.0','2025-12-18 16:35:25'),(445,1,'login_success','User logged in successfully: moha_admin','User logged in successfully: moha_admin',NULL,NULL,'112.135.64.142','Mozilla/5.0 (Windows NT 10.0; Win64; x64) AppleWebKit/537.36 (KHTML, like Gecko) Chrome/143.0.0.0 Safari/537.36 Edg/143.0.0.0','2025-12-18 16:35:25'),(446,32,'login','User logged in successfully','User logged in successfully',NULL,NULL,'112.135.64.142','Mozilla/5.0 (Windows NT 10.0; Win64; x64) AppleWebKit/537.36 (KHTML, like Gecko) Chrome/143.0.0.0 Safari/537.36 Edg/143.0.0.0','2025-12-18 17:11:16'),(447,32,'login_success','User logged in successfully: gn_4-2-3-2-150','User logged in successfully: gn_4-2-3-2-150',NULL,NULL,'112.135.64.142','Mozilla/5.0 (Windows NT 10.0; Win64; x64) AppleWebKit/537.36 (KHTML, like Gecko) Chrome/143.0.0.0 Safari/537.36 Edg/143.0.0.0','2025-12-18 17:11:16'),(448,1,'login','User logged in successfully','User logged in successfully',NULL,NULL,'112.135.64.142','Mozilla/5.0 (Windows NT 10.0; Win64; x64) AppleWebKit/537.36 (KHTML, like Gecko) Chrome/143.0.0.0 Safari/537.36 Edg/143.0.0.0','2025-12-18 17:12:58'),(449,1,'login_success','User logged in successfully: moha_admin','User logged in successfully: moha_admin',NULL,NULL,'112.135.64.142','Mozilla/5.0 (Windows NT 10.0; Win64; x64) AppleWebKit/537.36 (KHTML, like Gecko) Chrome/143.0.0.0 Safari/537.36 Edg/143.0.0.0','2025-12-18 17:12:58'),(450,16,'login','User logged in successfully','User logged in successfully',NULL,NULL,'112.135.64.142','Mozilla/5.0 (Windows NT 10.0; Win64; x64) AppleWebKit/537.36 (KHTML, like Gecko) Chrome/143.0.0.0 Safari/537.36 Edg/143.0.0.0','2025-12-18 17:16:38'),(451,16,'login_success','User logged in successfully: district_mannar','User logged in successfully: district_mannar',NULL,NULL,'112.135.64.142','Mozilla/5.0 (Windows NT 10.0; Win64; x64) AppleWebKit/537.36 (KHTML, like Gecko) Chrome/143.0.0.0 Safari/537.36 Edg/143.0.0.0','2025-12-18 17:16:39'),(452,1,'login','User logged in successfully','User logged in successfully',NULL,NULL,'112.135.64.142','Mozilla/5.0 (Windows NT 10.0; Win64; x64) AppleWebKit/537.36 (KHTML, like Gecko) Chrome/143.0.0.0 Safari/537.36 Edg/143.0.0.0','2025-12-18 17:19:43'),(453,1,'login_success','User logged in successfully: moha_admin','User logged in successfully: moha_admin',NULL,NULL,'112.135.64.142','Mozilla/5.0 (Windows NT 10.0; Win64; x64) AppleWebKit/537.36 (KHTML, like Gecko) Chrome/143.0.0.0 Safari/537.36 Edg/143.0.0.0','2025-12-18 17:19:44'),(454,32,'login','User logged in successfully','User logged in successfully',NULL,NULL,'112.135.64.142','Mozilla/5.0 (Windows NT 10.0; Win64; x64) AppleWebKit/537.36 (KHTML, like Gecko) Chrome/143.0.0.0 Safari/537.36 Edg/143.0.0.0','2025-12-18 17:23:59'),(455,32,'login_success','User logged in successfully: gn_4-2-3-2-150','User logged in successfully: gn_4-2-3-2-150',NULL,NULL,'112.135.64.142','Mozilla/5.0 (Windows NT 10.0; Win64; x64) AppleWebKit/537.36 (KHTML, like Gecko) Chrome/143.0.0.0 Safari/537.36 Edg/143.0.0.0','2025-12-18 17:23:59'),(456,1,'login','User logged in successfully','User logged in successfully',NULL,NULL,'112.135.64.142','Mozilla/5.0 (Windows NT 10.0; Win64; x64) AppleWebKit/537.36 (KHTML, like Gecko) Chrome/143.0.0.0 Safari/537.36 Edg/143.0.0.0','2025-12-18 17:31:12'),(457,1,'login_success','User logged in successfully: moha_admin','User logged in successfully: moha_admin',NULL,NULL,'112.135.64.142','Mozilla/5.0 (Windows NT 10.0; Win64; x64) AppleWebKit/537.36 (KHTML, like Gecko) Chrome/143.0.0.0 Safari/537.36 Edg/143.0.0.0','2025-12-18 17:31:12'),(458,32,'login','User logged in successfully','User logged in successfully',NULL,NULL,'112.135.64.142','Mozilla/5.0 (Windows NT 10.0; Win64; x64) AppleWebKit/537.36 (KHTML, like Gecko) Chrome/143.0.0.0 Safari/537.36 Edg/143.0.0.0','2025-12-18 17:40:03'),(459,32,'login_success','User logged in successfully: gn_4-2-3-2-150','User logged in successfully: gn_4-2-3-2-150',NULL,NULL,'112.135.64.142','Mozilla/5.0 (Windows NT 10.0; Win64; x64) AppleWebKit/537.36 (KHTML, like Gecko) Chrome/143.0.0.0 Safari/537.36 Edg/143.0.0.0','2025-12-18 17:40:04'),(460,1,'login','User logged in successfully','User logged in successfully',NULL,NULL,'112.135.64.142','Mozilla/5.0 (Windows NT 10.0; Win64; x64) AppleWebKit/537.36 (KHTML, like Gecko) Chrome/143.0.0.0 Safari/537.36 Edg/143.0.0.0','2025-12-18 18:01:03'),(461,1,'login_success','User logged in successfully: moha_admin','User logged in successfully: moha_admin',NULL,NULL,'112.135.64.142','Mozilla/5.0 (Windows NT 10.0; Win64; x64) AppleWebKit/537.36 (KHTML, like Gecko) Chrome/143.0.0.0 Safari/537.36 Edg/143.0.0.0','2025-12-18 18:01:03'),(462,32,'login','User logged in successfully','User logged in successfully',NULL,NULL,'112.135.64.142','Mozilla/5.0 (Windows NT 10.0; Win64; x64) AppleWebKit/537.36 (KHTML, like Gecko) Chrome/143.0.0.0 Safari/537.36 Edg/143.0.0.0','2025-12-18 18:05:02'),(463,32,'login_success','User logged in successfully: gn_4-2-3-2-150','User logged in successfully: gn_4-2-3-2-150',NULL,NULL,'112.135.64.142','Mozilla/5.0 (Windows NT 10.0; Win64; x64) AppleWebKit/537.36 (KHTML, like Gecko) Chrome/143.0.0.0 Safari/537.36 Edg/143.0.0.0','2025-12-18 18:05:02'),(464,1,'login','User logged in successfully','User logged in successfully',NULL,NULL,'112.135.64.142','Mozilla/5.0 (Windows NT 10.0; Win64; x64) AppleWebKit/537.36 (KHTML, like Gecko) Chrome/143.0.0.0 Safari/537.36 Edg/143.0.0.0','2025-12-18 18:16:08'),(465,1,'login_success','User logged in successfully: moha_admin','User logged in successfully: moha_admin',NULL,NULL,'112.135.64.142','Mozilla/5.0 (Windows NT 10.0; Win64; x64) AppleWebKit/537.36 (KHTML, like Gecko) Chrome/143.0.0.0 Safari/537.36 Edg/143.0.0.0','2025-12-18 18:16:09'),(466,16,'login','User logged in successfully','User logged in successfully',NULL,NULL,'112.135.64.142','Mozilla/5.0 (Windows NT 10.0; Win64; x64) AppleWebKit/537.36 (KHTML, like Gecko) Chrome/143.0.0.0 Safari/537.36 Edg/143.0.0.0','2025-12-18 18:17:01'),(467,16,'login_success','User logged in successfully: district_mannar','User logged in successfully: district_mannar',NULL,NULL,'112.135.64.142','Mozilla/5.0 (Windows NT 10.0; Win64; x64) AppleWebKit/537.36 (KHTML, like Gecko) Chrome/143.0.0.0 Safari/537.36 Edg/143.0.0.0','2025-12-18 18:17:01'),(468,1,'login','User logged in successfully','User logged in successfully',NULL,NULL,'112.135.64.142','Mozilla/5.0 (Windows NT 10.0; Win64; x64) AppleWebKit/537.36 (KHTML, like Gecko) Chrome/143.0.0.0 Safari/537.36 Edg/143.0.0.0','2025-12-18 18:19:42'),(469,1,'login_success','User logged in successfully: moha_admin','User logged in successfully: moha_admin',NULL,NULL,'112.135.64.142','Mozilla/5.0 (Windows NT 10.0; Win64; x64) AppleWebKit/537.36 (KHTML, like Gecko) Chrome/143.0.0.0 Safari/537.36 Edg/143.0.0.0','2025-12-18 18:19:43'),(470,1,'backup_created','Created manual backup: backup_2025-12-18_23-57-07.','Created manual backup: backup_2025-12-18_23-57-07.sql',NULL,NULL,'112.135.64.142','Mozilla/5.0 (Windows NT 10.0; Win64; x64) AppleWebKit/537.36 (KHTML, like Gecko) Chrome/143.0.0.0 Safari/537.36 Edg/143.0.0.0','2025-12-18 18:27:07'),(471,1,'cache_cleared','Cleared system cache','Cleared system cache',NULL,NULL,'112.135.64.142','Mozilla/5.0 (Windows NT 10.0; Win64; x64) AppleWebKit/537.36 (KHTML, like Gecko) Chrome/143.0.0.0 Safari/537.36 Edg/143.0.0.0','2025-12-18 18:27:32'),(472,16,'login','User logged in successfully','User logged in successfully',NULL,NULL,'112.135.64.142','Mozilla/5.0 (Windows NT 10.0; Win64; x64) AppleWebKit/537.36 (KHTML, like Gecko) Chrome/143.0.0.0 Safari/537.36 Edg/143.0.0.0','2025-12-18 18:28:19'),(473,16,'login_success','User logged in successfully: district_mannar','User logged in successfully: district_mannar',NULL,NULL,'112.135.64.142','Mozilla/5.0 (Windows NT 10.0; Win64; x64) AppleWebKit/537.36 (KHTML, like Gecko) Chrome/143.0.0.0 Safari/537.36 Edg/143.0.0.0','2025-12-18 18:28:19'),(474,1,'login','User logged in successfully','User logged in successfully',NULL,NULL,'112.135.64.142','Mozilla/5.0 (Windows NT 10.0; Win64; x64) AppleWebKit/537.36 (KHTML, like Gecko) Chrome/143.0.0.0 Safari/537.36 Edg/143.0.0.0','2025-12-18 18:29:25'),(475,1,'login_success','User logged in successfully: moha_admin','User logged in successfully: moha_admin',NULL,NULL,'112.135.64.142','Mozilla/5.0 (Windows NT 10.0; Win64; x64) AppleWebKit/537.36 (KHTML, like Gecko) Chrome/143.0.0.0 Safari/537.36 Edg/143.0.0.0','2025-12-18 18:29:25'),(476,32,'login','User logged in successfully','User logged in successfully',NULL,NULL,'112.135.64.142','Mozilla/5.0 (Windows NT 10.0; Win64; x64) AppleWebKit/537.36 (KHTML, like Gecko) Chrome/143.0.0.0 Safari/537.36 Edg/143.0.0.0','2025-12-18 18:39:05'),(477,32,'login_success','User logged in successfully: gn_4-2-3-2-150','User logged in successfully: gn_4-2-3-2-150',NULL,NULL,'112.135.64.142','Mozilla/5.0 (Windows NT 10.0; Win64; x64) AppleWebKit/537.36 (KHTML, like Gecko) Chrome/143.0.0.0 Safari/537.36 Edg/143.0.0.0','2025-12-18 18:39:06'),(478,1,'login','User logged in successfully','User logged in successfully',NULL,NULL,'112.135.64.142','Mozilla/5.0 (Windows NT 10.0; Win64; x64) AppleWebKit/537.36 (KHTML, like Gecko) Chrome/143.0.0.0 Safari/537.36 Edg/143.0.0.0','2025-12-18 18:50:46'),(479,1,'login_success','User logged in successfully: moha_admin','User logged in successfully: moha_admin',NULL,NULL,'112.135.64.142','Mozilla/5.0 (Windows NT 10.0; Win64; x64) AppleWebKit/537.36 (KHTML, like Gecko) Chrome/143.0.0.0 Safari/537.36 Edg/143.0.0.0','2025-12-18 18:50:48'),(480,32,'login','User logged in successfully','User logged in successfully',NULL,NULL,'112.135.64.142','Mozilla/5.0 (Windows NT 10.0; Win64; x64) AppleWebKit/537.36 (KHTML, like Gecko) Chrome/143.0.0.0 Safari/537.36 Edg/143.0.0.0','2025-12-18 18:52:51'),(481,32,'login_success','User logged in successfully: gn_4-2-3-2-150','User logged in successfully: gn_4-2-3-2-150',NULL,NULL,'112.135.64.142','Mozilla/5.0 (Windows NT 10.0; Win64; x64) AppleWebKit/537.36 (KHTML, like Gecko) Chrome/143.0.0.0 Safari/537.36 Edg/143.0.0.0','2025-12-18 18:52:51'),(482,1,'login','User logged in successfully','User logged in successfully',NULL,NULL,'112.135.64.142','Mozilla/5.0 (Windows NT 10.0; Win64; x64) AppleWebKit/537.36 (KHTML, like Gecko) Chrome/143.0.0.0 Safari/537.36 Edg/143.0.0.0','2025-12-18 19:11:36'),(483,1,'login_success','User logged in successfully: moha_admin','User logged in successfully: moha_admin',NULL,NULL,'112.135.64.142','Mozilla/5.0 (Windows NT 10.0; Win64; x64) AppleWebKit/537.36 (KHTML, like Gecko) Chrome/143.0.0.0 Safari/537.36 Edg/143.0.0.0','2025-12-18 19:11:36'),(484,1,'login','User logged in successfully','User logged in successfully',NULL,NULL,'112.135.64.142','Mozilla/5.0 (Windows NT 10.0; Win64; x64) AppleWebKit/537.36 (KHTML, like Gecko) Chrome/143.0.0.0 Safari/537.36 Edg/143.0.0.0','2025-12-18 19:16:19'),(485,1,'login_success','User logged in successfully: moha_admin','User logged in successfully: moha_admin',NULL,NULL,'112.135.64.142','Mozilla/5.0 (Windows NT 10.0; Win64; x64) AppleWebKit/537.36 (KHTML, like Gecko) Chrome/143.0.0.0 Safari/537.36 Edg/143.0.0.0','2025-12-18 19:16:19'),(486,32,'login','User logged in successfully','User logged in successfully',NULL,NULL,'112.135.64.142','Mozilla/5.0 (Windows NT 10.0; Win64; x64) AppleWebKit/537.36 (KHTML, like Gecko) Chrome/143.0.0.0 Safari/537.36 Edg/143.0.0.0','2025-12-18 19:16:33'),(487,32,'login_success','User logged in successfully: gn_4-2-3-2-150','User logged in successfully: gn_4-2-3-2-150',NULL,NULL,'112.135.64.142','Mozilla/5.0 (Windows NT 10.0; Win64; x64) AppleWebKit/537.36 (KHTML, like Gecko) Chrome/143.0.0.0 Safari/537.36 Edg/143.0.0.0','2025-12-18 19:16:33'),(488,32,'login','User logged in successfully','User logged in successfully',NULL,NULL,'10.4.56.116','Mozilla/5.0 (Windows NT 10.0; Win64; x64) AppleWebKit/537.36 (KHTML, like Gecko) Chrome/143.0.0.0 Safari/537.36 Edg/143.0.0.0','2025-12-19 03:55:30'),(489,32,'login_success','User logged in successfully: gn_4-2-3-2-150','User logged in successfully: gn_4-2-3-2-150',NULL,NULL,'10.4.56.116','Mozilla/5.0 (Windows NT 10.0; Win64; x64) AppleWebKit/537.36 (KHTML, like Gecko) Chrome/143.0.0.0 Safari/537.36 Edg/143.0.0.0','2025-12-19 03:55:30'),(490,16,'login','User logged in successfully','User logged in successfully',NULL,NULL,'10.4.56.116','Mozilla/5.0 (Windows NT 10.0; Win64; x64) AppleWebKit/537.36 (KHTML, like Gecko) Chrome/143.0.0.0 Safari/537.36 Edg/143.0.0.0','2025-12-19 05:27:08'),(491,16,'login_success','User logged in successfully: district_mannar','User logged in successfully: district_mannar',NULL,NULL,'10.4.56.116','Mozilla/5.0 (Windows NT 10.0; Win64; x64) AppleWebKit/537.36 (KHTML, like Gecko) Chrome/143.0.0.0 Safari/537.36 Edg/143.0.0.0','2025-12-19 05:27:08'),(492,32,'login','User logged in successfully','User logged in successfully',NULL,NULL,'10.4.56.116','Mozilla/5.0 (Windows NT 10.0; Win64; x64) AppleWebKit/537.36 (KHTML, like Gecko) Chrome/143.0.0.0 Safari/537.36 Edg/143.0.0.0','2025-12-20 04:52:15'),(493,32,'login_success','User logged in successfully: gn_4-2-3-2-150','User logged in successfully: gn_4-2-3-2-150',NULL,NULL,'10.4.56.116','Mozilla/5.0 (Windows NT 10.0; Win64; x64) AppleWebKit/537.36 (KHTML, like Gecko) Chrome/143.0.0.0 Safari/537.36 Edg/143.0.0.0','2025-12-20 04:52:15'),(494,1,'login','User logged in successfully','User logged in successfully',NULL,NULL,'10.4.56.116','Mozilla/5.0 (Windows NT 10.0; Win64; x64) AppleWebKit/537.36 (KHTML, like Gecko) Chrome/143.0.0.0 Safari/537.36 Edg/143.0.0.0','2025-12-20 05:22:40'),(495,1,'login_success','User logged in successfully: moha_admin','User logged in successfully: moha_admin',NULL,NULL,'10.4.56.116','Mozilla/5.0 (Windows NT 10.0; Win64; x64) AppleWebKit/537.36 (KHTML, like Gecko) Chrome/143.0.0.0 Safari/537.36 Edg/143.0.0.0','2025-12-20 05:22:40'),(496,1,'create_form','Created form: family_income_expenses (ID: 5)','Created form: family_income_expenses (ID: 5)',NULL,NULL,'10.4.56.116','Mozilla/5.0 (Windows NT 10.0; Win64; x64) AppleWebKit/537.36 (KHTML, like Gecko) Chrome/143.0.0.0 Safari/537.36 Edg/143.0.0.0','2025-12-20 06:21:33'),(497,1,'add_form_field','Added field \'Income Expenses\' to form ID: 5','Added field \'Income Expenses\' to form ID: 5',NULL,NULL,'10.4.56.116','Mozilla/5.0 (Windows NT 10.0; Win64; x64) AppleWebKit/537.36 (KHTML, like Gecko) Chrome/143.0.0.0 Safari/537.36 Edg/143.0.0.0','2025-12-20 07:06:28'),(498,1,'add_form_field','Added field \'Amount\' to form ID: 5','Added field \'Amount\' to form ID: 5',NULL,NULL,'10.4.56.116','Mozilla/5.0 (Windows NT 10.0; Win64; x64) AppleWebKit/537.36 (KHTML, like Gecko) Chrome/143.0.0.0 Safari/537.36 Edg/143.0.0.0','2025-12-20 07:06:52'),(499,1,'add_form_field','Added field \'when you start ?\' to form ID: 5','Added field \'when you start ?\' to form ID: 5',NULL,NULL,'10.4.56.116','Mozilla/5.0 (Windows NT 10.0; Win64; x64) AppleWebKit/537.36 (KHTML, like Gecko) Chrome/143.0.0.0 Safari/537.36 Edg/143.0.0.0','2025-12-20 07:07:23'),(500,1,'reorder_form_fields','Reordered form fields','Reordered form fields',NULL,NULL,'10.4.56.116','Mozilla/5.0 (Windows NT 10.0; Win64; x64) AppleWebKit/537.36 (KHTML, like Gecko) Chrome/143.0.0.0 Safari/537.36 Edg/143.0.0.0','2025-12-20 07:07:28'),(501,32,'login','User logged in successfully','User logged in successfully',NULL,NULL,'10.4.56.116','Mozilla/5.0 (Windows NT 10.0; Win64; x64) AppleWebKit/537.36 (KHTML, like Gecko) Chrome/143.0.0.0 Safari/537.36 Edg/143.0.0.0','2025-12-20 07:08:14'),(502,32,'login_success','User logged in successfully: gn_4-2-3-2-150','User logged in successfully: gn_4-2-3-2-150',NULL,NULL,'10.4.56.116','Mozilla/5.0 (Windows NT 10.0; Win64; x64) AppleWebKit/537.36 (KHTML, like Gecko) Chrome/143.0.0.0 Safari/537.36 Edg/143.0.0.0','2025-12-20 07:08:14'),(503,1,'login','User logged in successfully','User logged in successfully',NULL,NULL,'10.4.56.116','Mozilla/5.0 (Windows NT 10.0; Win64; x64) AppleWebKit/537.36 (KHTML, like Gecko) Chrome/143.0.0.0 Safari/537.36 Edg/143.0.0.0','2025-12-20 07:08:41'),(504,1,'login_success','User logged in successfully: moha_admin','User logged in successfully: moha_admin',NULL,NULL,'10.4.56.116','Mozilla/5.0 (Windows NT 10.0; Win64; x64) AppleWebKit/537.36 (KHTML, like Gecko) Chrome/143.0.0.0 Safari/537.36 Edg/143.0.0.0','2025-12-20 07:08:41'),(505,1,'assign_form','Assigned form ID: 5','Assigned form ID: 5',NULL,NULL,'10.4.56.116','Mozilla/5.0 (Windows NT 10.0; Win64; x64) AppleWebKit/537.36 (KHTML, like Gecko) Chrome/143.0.0.0 Safari/537.36 Edg/143.0.0.0','2025-12-20 07:09:39'),(506,32,'login','User logged in successfully','User logged in successfully',NULL,NULL,'10.4.56.116','Mozilla/5.0 (Windows NT 10.0; Win64; x64) AppleWebKit/537.36 (KHTML, like Gecko) Chrome/143.0.0.0 Safari/537.36 Edg/143.0.0.0','2025-12-20 07:09:55'),(507,32,'login_success','User logged in successfully: gn_4-2-3-2-150','User logged in successfully: gn_4-2-3-2-150',NULL,NULL,'10.4.56.116','Mozilla/5.0 (Windows NT 10.0; Win64; x64) AppleWebKit/537.36 (KHTML, like Gecko) Chrome/143.0.0.0 Safari/537.36 Edg/143.0.0.0','2025-12-20 07:09:55'),(508,32,'create','form_submissions_family','1',NULL,'{\"form_id\":\"5\",\"family_id\":\"42321216084042\",\"status\":\"submitted\",\"submission_id\":1}',NULL,NULL,'2025-12-20 08:54:36'),(509,16,'login','User logged in successfully','User logged in successfully',NULL,NULL,'112.135.75.32','Mozilla/5.0 (Windows NT 10.0; Win64; x64) AppleWebKit/537.36 (KHTML, like Gecko) Chrome/143.0.0.0 Safari/537.36 Edg/143.0.0.0','2025-12-20 09:06:50'),(510,16,'login_success','User logged in successfully: district_mannar','User logged in successfully: district_mannar',NULL,NULL,'112.135.75.32','Mozilla/5.0 (Windows NT 10.0; Win64; x64) AppleWebKit/537.36 (KHTML, like Gecko) Chrome/143.0.0.0 Safari/537.36 Edg/143.0.0.0','2025-12-20 09:06:50'),(511,28,'login','User logged in successfully','User logged in successfully',NULL,NULL,'112.135.75.32','Mozilla/5.0 (Windows NT 10.0; Win64; x64) AppleWebKit/537.36 (KHTML, like Gecko) Chrome/143.0.0.0 Safari/537.36 Edg/143.0.0.0','2025-12-20 09:10:46'),(512,28,'login_success','User logged in successfully: division_mannar_town','User logged in successfully: division_mannar_town',NULL,NULL,'112.135.75.32','Mozilla/5.0 (Windows NT 10.0; Win64; x64) AppleWebKit/537.36 (KHTML, like Gecko) Chrome/143.0.0.0 Safari/537.36 Edg/143.0.0.0','2025-12-20 09:10:46'),(513,16,'login','User logged in successfully','User logged in successfully',NULL,NULL,'112.135.75.32','Mozilla/5.0 (Windows NT 10.0; Win64; x64) AppleWebKit/537.36 (KHTML, like Gecko) Chrome/143.0.0.0 Safari/537.36 Edg/143.0.0.0','2025-12-20 09:11:00'),(514,16,'login_success','User logged in successfully: district_mannar','User logged in successfully: district_mannar',NULL,NULL,'112.135.75.32','Mozilla/5.0 (Windows NT 10.0; Win64; x64) AppleWebKit/537.36 (KHTML, like Gecko) Chrome/143.0.0.0 Safari/537.36 Edg/143.0.0.0','2025-12-20 09:11:00'),(515,28,'login','User logged in successfully','User logged in successfully',NULL,NULL,'112.135.75.32','Mozilla/5.0 (Windows NT 10.0; Win64; x64) AppleWebKit/537.36 (KHTML, like Gecko) Chrome/143.0.0.0 Safari/537.36 Edg/143.0.0.0','2025-12-20 09:12:06'),(516,28,'login_success','User logged in successfully: division_mannar_town','User logged in successfully: division_mannar_town',NULL,NULL,'112.135.75.32','Mozilla/5.0 (Windows NT 10.0; Win64; x64) AppleWebKit/537.36 (KHTML, like Gecko) Chrome/143.0.0.0 Safari/537.36 Edg/143.0.0.0','2025-12-20 09:12:06'),(517,28,'login','User logged in successfully','User logged in successfully',NULL,NULL,'112.135.31.63','Mozilla/5.0 (Windows NT 10.0; Win64; x64) AppleWebKit/537.36 (KHTML, like Gecko) Chrome/143.0.0.0 Safari/537.36 Edg/143.0.0.0','2025-12-20 09:32:56'),(518,28,'login_success','User logged in successfully: division_mannar_town','User logged in successfully: division_mannar_town',NULL,NULL,'112.135.31.63','Mozilla/5.0 (Windows NT 10.0; Win64; x64) AppleWebKit/537.36 (KHTML, like Gecko) Chrome/143.0.0.0 Safari/537.36 Edg/143.0.0.0','2025-12-20 09:32:56'),(519,32,'login','User logged in successfully','User logged in successfully',NULL,NULL,'112.135.31.63','Mozilla/5.0 (Windows NT 10.0; Win64; x64) AppleWebKit/537.36 (KHTML, like Gecko) Chrome/143.0.0.0 Safari/537.36 Edg/143.0.0.0','2025-12-20 09:33:40'),(520,32,'login_success','User logged in successfully: gn_4-2-3-2-150','User logged in successfully: gn_4-2-3-2-150',NULL,NULL,'112.135.31.63','Mozilla/5.0 (Windows NT 10.0; Win64; x64) AppleWebKit/537.36 (KHTML, like Gecko) Chrome/143.0.0.0 Safari/537.36 Edg/143.0.0.0','2025-12-20 09:33:40'),(521,32,'create','families','42321220150543',NULL,NULL,'112.135.31.63','Mozilla/5.0 (Windows NT 10.0; Win64; x64) AppleWebKit/537.36 (KHTML, like Gecko) Chrome/143.0.0.0 Safari/537.36 Edg/143.0.0.0','2025-12-20 09:35:43'),(522,32,'add_member','citizens','42321220150543',NULL,'{\"family_id\":\"42321220150543\",\"member_name\":\"KOkila\",\"relation\":\"Wife\"}',NULL,NULL,'2025-12-20 09:37:25'),(524,33,'login','User logged in successfully','User logged in successfully',NULL,NULL,'112.135.31.63','Mozilla/5.0 (Windows NT 10.0; Win64; x64) AppleWebKit/537.36 (KHTML, like Gecko) Chrome/143.0.0.0 Safari/537.36 Edg/143.0.0.0','2025-12-20 09:39:16'),(525,33,'login_success','User logged in successfully: gn_4-2-3-2-140','User logged in successfully: gn_4-2-3-2-140',NULL,NULL,'112.135.31.63','Mozilla/5.0 (Windows NT 10.0; Win64; x64) AppleWebKit/537.36 (KHTML, like Gecko) Chrome/143.0.0.0 Safari/537.36 Edg/143.0.0.0','2025-12-20 09:39:16'),(526,33,'complete_transfer','transfer_history','TRF202512111459104275',NULL,'{\"status\":\"completed\",\"transfer_id\":\"TRF202512111459104275\",\"action_by\":33,\"note\":\"jjhgjhg\"}','112.135.31.63','Mozilla/5.0 (Windows NT 10.0; Win64; x64) AppleWebKit/537.36 (KHTML, like Gecko) Chrome/143.0.0.0 Safari/537.36 Edg/143.0.0.0','2025-12-20 09:39:57'),(527,1,'login','User logged in successfully','User logged in successfully',NULL,NULL,'112.135.31.63','Mozilla/5.0 (Windows NT 10.0; Win64; x64) AppleWebKit/537.36 (KHTML, like Gecko) Chrome/143.0.0.0 Safari/537.36 Edg/143.0.0.0','2025-12-20 09:40:39'),(528,1,'login_success','User logged in successfully: moha_admin','User logged in successfully: moha_admin',NULL,NULL,'112.135.31.63','Mozilla/5.0 (Windows NT 10.0; Win64; x64) AppleWebKit/537.36 (KHTML, like Gecko) Chrome/143.0.0.0 Safari/537.36 Edg/143.0.0.0','2025-12-20 09:40:39'),(529,1,'create_form','Created form: education (ID: 6)','Created form: education (ID: 6)',NULL,NULL,'112.135.31.63','Mozilla/5.0 (Windows NT 10.0; Win64; x64) AppleWebKit/537.36 (KHTML, like Gecko) Chrome/143.0.0.0 Safari/537.36 Edg/143.0.0.0','2025-12-20 09:42:45'),(530,1,'add_form_field','Added field \'Income type\' to form ID: 6','Added field \'Income type\' to form ID: 6',NULL,NULL,'112.135.31.63','Mozilla/5.0 (Windows NT 10.0; Win64; x64) AppleWebKit/537.36 (KHTML, like Gecko) Chrome/143.0.0.0 Safari/537.36 Edg/143.0.0.0','2025-12-20 09:44:26'),(531,32,'login','User logged in successfully','User logged in successfully',NULL,NULL,'112.135.31.63','Mozilla/5.0 (Windows NT 10.0; Win64; x64) AppleWebKit/537.36 (KHTML, like Gecko) Chrome/143.0.0.0 Safari/537.36 Edg/143.0.0.0','2025-12-20 09:44:40'),(532,32,'login_success','User logged in successfully: gn_4-2-3-2-150','User logged in successfully: gn_4-2-3-2-150',NULL,NULL,'112.135.31.63','Mozilla/5.0 (Windows NT 10.0; Win64; x64) AppleWebKit/537.36 (KHTML, like Gecko) Chrome/143.0.0.0 Safari/537.36 Edg/143.0.0.0','2025-12-20 09:44:40'),(533,32,'create','form_submissions_family','2',NULL,'{\"form_id\":\"6\",\"family_id\":\"42321220150543\",\"status\":\"submitted\",\"submission_id\":2}',NULL,NULL,'2025-12-20 09:45:57'),(534,32,'create','form_submissions_family','3',NULL,'{\"form_id\":\"5\",\"family_id\":\"42321220150543\",\"status\":\"submitted\",\"submission_id\":3}',NULL,NULL,'2025-12-20 09:53:55'),(535,1,'login','User logged in successfully','User logged in successfully',NULL,NULL,'112.135.31.63','Mozilla/5.0 (Windows NT 10.0; Win64; x64) AppleWebKit/537.36 (KHTML, like Gecko) Chrome/143.0.0.0 Safari/537.36 Edg/143.0.0.0','2025-12-20 10:00:30'),(536,1,'login_success','User logged in successfully: moha_admin','User logged in successfully: moha_admin',NULL,NULL,'112.135.31.63','Mozilla/5.0 (Windows NT 10.0; Win64; x64) AppleWebKit/537.36 (KHTML, like Gecko) Chrome/143.0.0.0 Safari/537.36 Edg/143.0.0.0','2025-12-20 10:00:30'),(537,1,'login','User logged in successfully','User logged in successfully',NULL,NULL,'112.135.75.193','Mozilla/5.0 (Windows NT 10.0; Win64; x64) AppleWebKit/537.36 (KHTML, like Gecko) Chrome/143.0.0.0 Safari/537.36 Edg/143.0.0.0','2025-12-20 16:18:27'),(538,1,'login_success','User logged in successfully: moha_admin','User logged in successfully: moha_admin',NULL,NULL,'112.135.75.193','Mozilla/5.0 (Windows NT 10.0; Win64; x64) AppleWebKit/537.36 (KHTML, like Gecko) Chrome/143.0.0.0 Safari/537.36 Edg/143.0.0.0','2025-12-20 16:18:27'),(539,1,'create_form','Created form: Education Details (ID: 7)','Created form: Education Details (ID: 7)',NULL,NULL,'112.135.75.193','Mozilla/5.0 (Windows NT 10.0; Win64; x64) AppleWebKit/537.36 (KHTML, like Gecko) Chrome/143.0.0.0 Safari/537.36 Edg/143.0.0.0','2025-12-20 16:19:48'),(540,1,'add_form_field','Added field \'Year\' to form ID: 7','Added field \'Year\' to form ID: 7',NULL,NULL,'112.135.75.193','Mozilla/5.0 (Windows NT 10.0; Win64; x64) AppleWebKit/537.36 (KHTML, like Gecko) Chrome/143.0.0.0 Safari/537.36 Edg/143.0.0.0','2025-12-20 16:21:26'),(541,1,'add_form_field','Added field \'Steram\' to form ID: 7','Added field \'Steram\' to form ID: 7',NULL,NULL,'112.135.75.193','Mozilla/5.0 (Windows NT 10.0; Win64; x64) AppleWebKit/537.36 (KHTML, like Gecko) Chrome/143.0.0.0 Safari/537.36 Edg/143.0.0.0','2025-12-20 16:22:12'),(542,1,'add_form_field','Added field \'result\' to form ID: 7','Added field \'result\' to form ID: 7',NULL,NULL,'112.135.75.193','Mozilla/5.0 (Windows NT 10.0; Win64; x64) AppleWebKit/537.36 (KHTML, like Gecko) Chrome/143.0.0.0 Safari/537.36 Edg/143.0.0.0','2025-12-20 16:22:58'),(543,1,'assign_form','Assigned form ID: 7','Assigned form ID: 7',NULL,NULL,'112.135.75.193','Mozilla/5.0 (Windows NT 10.0; Win64; x64) AppleWebKit/537.36 (KHTML, like Gecko) Chrome/143.0.0.0 Safari/537.36 Edg/143.0.0.0','2025-12-20 16:23:28'),(544,32,'login','User logged in successfully','User logged in successfully',NULL,NULL,'112.135.75.193','Mozilla/5.0 (Windows NT 10.0; Win64; x64) AppleWebKit/537.36 (KHTML, like Gecko) Chrome/143.0.0.0 Safari/537.36 Edg/143.0.0.0','2025-12-20 16:23:49'),(545,32,'login_success','User logged in successfully: gn_4-2-3-2-150','User logged in successfully: gn_4-2-3-2-150',NULL,NULL,'112.135.75.193','Mozilla/5.0 (Windows NT 10.0; Win64; x64) AppleWebKit/537.36 (KHTML, like Gecko) Chrome/143.0.0.0 Safari/537.36 Edg/143.0.0.0','2025-12-20 16:23:49'),(546,32,'login','User logged in successfully','User logged in successfully',NULL,NULL,'112.135.76.234','Mozilla/5.0 (Windows NT 10.0; Win64; x64) AppleWebKit/537.36 (KHTML, like Gecko) Chrome/143.0.0.0 Safari/537.36 Edg/143.0.0.0','2025-12-21 00:50:56'),(547,32,'login_success','User logged in successfully: gn_4-2-3-2-150','User logged in successfully: gn_4-2-3-2-150',NULL,NULL,'112.135.76.234','Mozilla/5.0 (Windows NT 10.0; Win64; x64) AppleWebKit/537.36 (KHTML, like Gecko) Chrome/143.0.0.0 Safari/537.36 Edg/143.0.0.0','2025-12-21 00:50:56'),(549,32,'transfer_request','transfer_history','TRF202512210630489385',NULL,'{\"family_id\":\"42321220150543\",\"from_gn\":\"4-2-3-2-150\",\"to_gn_id\":\"4-2-3-2-140\",\"reason\":\"Relocation\",\"status\":\"pending\"}','112.135.76.234','Mozilla/5.0 (Windows NT 10.0; Win64; x64) AppleWebKit/537.36 (KHTML, like Gecko) Chrome/143.0.0.0 Safari/537.36 Edg/143.0.0.0','2025-12-21 01:00:48'),(550,32,'login','User logged in successfully','User logged in successfully',NULL,NULL,'112.135.76.234','Mozilla/5.0 (Windows NT 10.0; Win64; x64) AppleWebKit/537.36 (KHTML, like Gecko) Chrome/143.0.0.0 Safari/537.36 Edg/143.0.0.0','2025-12-21 01:40:02'),(551,32,'login_success','User logged in successfully: gn_4-2-3-2-150','User logged in successfully: gn_4-2-3-2-150',NULL,NULL,'112.135.76.234','Mozilla/5.0 (Windows NT 10.0; Win64; x64) AppleWebKit/537.36 (KHTML, like Gecko) Chrome/143.0.0.0 Safari/537.36 Edg/143.0.0.0','2025-12-21 01:40:02'),(552,28,'login','User logged in successfully','User logged in successfully',NULL,NULL,'112.135.76.234','Mozilla/5.0 (Windows NT 10.0; Win64; x64) AppleWebKit/537.36 (KHTML, like Gecko) Chrome/143.0.0.0 Safari/537.36 Edg/143.0.0.0','2025-12-21 01:41:21'),(553,28,'login_success','User logged in successfully: division_mannar_town','User logged in successfully: division_mannar_town',NULL,NULL,'112.135.76.234','Mozilla/5.0 (Windows NT 10.0; Win64; x64) AppleWebKit/537.36 (KHTML, like Gecko) Chrome/143.0.0.0 Safari/537.36 Edg/143.0.0.0','2025-12-21 01:41:21'),(554,28,'approve_transfer','transfer_history','TRF202512210630489385',NULL,'{\"status\":\"approved\",\"transfer_id\":\"TRF202512210630489385\",\"action_by\":28,\"note\":\"Accepted\"}','112.135.76.234','Mozilla/5.0 (Windows NT 10.0; Win64; x64) AppleWebKit/537.36 (KHTML, like Gecko) Chrome/143.0.0.0 Safari/537.36 Edg/143.0.0.0','2025-12-21 01:41:57'),(555,34,'login','User logged in successfully','User logged in successfully',NULL,NULL,'112.135.76.234','Mozilla/5.0 (Windows NT 10.0; Win64; x64) AppleWebKit/537.36 (KHTML, like Gecko) Chrome/143.0.0.0 Safari/537.36 Edg/143.0.0.0','2025-12-21 01:42:28'),(556,34,'login_success','User logged in successfully: gn_4-2-3-2-110','User logged in successfully: gn_4-2-3-2-110',NULL,NULL,'112.135.76.234','Mozilla/5.0 (Windows NT 10.0; Win64; x64) AppleWebKit/537.36 (KHTML, like Gecko) Chrome/143.0.0.0 Safari/537.36 Edg/143.0.0.0','2025-12-21 01:42:28'),(557,33,'login','User logged in successfully','User logged in successfully',NULL,NULL,'112.135.76.234','Mozilla/5.0 (Windows NT 10.0; Win64; x64) AppleWebKit/537.36 (KHTML, like Gecko) Chrome/143.0.0.0 Safari/537.36 Edg/143.0.0.0','2025-12-21 01:42:51'),(558,33,'login_success','User logged in successfully: gn_4-2-3-2-140','User logged in successfully: gn_4-2-3-2-140',NULL,NULL,'112.135.76.234','Mozilla/5.0 (Windows NT 10.0; Win64; x64) AppleWebKit/537.36 (KHTML, like Gecko) Chrome/143.0.0.0 Safari/537.36 Edg/143.0.0.0','2025-12-21 01:42:51'),(559,33,'complete_transfer','transfer_history','TRF202512210630489385',NULL,'{\"status\":\"completed\",\"transfer_id\":\"TRF202512210630489385\",\"action_by\":33,\"note\":\"OK \"}','112.135.76.234','Mozilla/5.0 (Windows NT 10.0; Win64; x64) AppleWebKit/537.36 (KHTML, like Gecko) Chrome/143.0.0.0 Safari/537.36 Edg/143.0.0.0','2025-12-21 01:43:39'),(560,33,'login','User logged in successfully','User logged in successfully',NULL,NULL,'10.4.56.116','Mozilla/5.0 (Windows NT 10.0; Win64; x64) AppleWebKit/537.36 (KHTML, like Gecko) Chrome/143.0.0.0 Safari/537.36 Edg/143.0.0.0','2025-12-21 04:21:27'),(561,33,'login_success','User logged in successfully: gn_4-2-3-2-140','User logged in successfully: gn_4-2-3-2-140',NULL,NULL,'10.4.56.116','Mozilla/5.0 (Windows NT 10.0; Win64; x64) AppleWebKit/537.36 (KHTML, like Gecko) Chrome/143.0.0.0 Safari/537.36 Edg/143.0.0.0','2025-12-21 04:21:27'),(562,28,'login','User logged in successfully','User logged in successfully',NULL,NULL,'10.4.56.116','Mozilla/5.0 (Windows NT 10.0; Win64; x64) AppleWebKit/537.36 (KHTML, like Gecko) Chrome/143.0.0.0 Safari/537.36 Edg/143.0.0.0','2025-12-21 05:14:18'),(563,28,'login_success','User logged in successfully: division_mannar_town','User logged in successfully: division_mannar_town',NULL,NULL,'10.4.56.116','Mozilla/5.0 (Windows NT 10.0; Win64; x64) AppleWebKit/537.36 (KHTML, like Gecko) Chrome/143.0.0.0 Safari/537.36 Edg/143.0.0.0','2025-12-21 05:14:18'),(564,33,'login','User logged in successfully','User logged in successfully',NULL,NULL,'10.4.56.116','Mozilla/5.0 (Windows NT 10.0; Win64; x64) AppleWebKit/537.36 (KHTML, like Gecko) Chrome/143.0.0.0 Safari/537.36 Edg/143.0.0.0','2025-12-21 05:15:56'),(565,33,'login_success','User logged in successfully: gn_4-2-3-2-140','User logged in successfully: gn_4-2-3-2-140',NULL,NULL,'10.4.56.116','Mozilla/5.0 (Windows NT 10.0; Win64; x64) AppleWebKit/537.36 (KHTML, like Gecko) Chrome/143.0.0.0 Safari/537.36 Edg/143.0.0.0','2025-12-21 05:15:56'),(566,28,'login','User logged in successfully','User logged in successfully',NULL,NULL,'10.4.56.116','Mozilla/5.0 (Windows NT 10.0; Win64; x64) AppleWebKit/537.36 (KHTML, like Gecko) Chrome/143.0.0.0 Safari/537.36 Edg/143.0.0.0','2025-12-21 05:23:12'),(567,28,'login_success','User logged in successfully: division_mannar_town','User logged in successfully: division_mannar_town',NULL,NULL,'10.4.56.116','Mozilla/5.0 (Windows NT 10.0; Win64; x64) AppleWebKit/537.36 (KHTML, like Gecko) Chrome/143.0.0.0 Safari/537.36 Edg/143.0.0.0','2025-12-21 05:23:12'),(568,16,'login','User logged in successfully','User logged in successfully',NULL,NULL,'10.4.56.116','Mozilla/5.0 (Windows NT 10.0; Win64; x64) AppleWebKit/537.36 (KHTML, like Gecko) Chrome/143.0.0.0 Safari/537.36 Edg/143.0.0.0','2025-12-21 05:24:42'),(569,16,'login_success','User logged in successfully: district_mannar','User logged in successfully: district_mannar',NULL,NULL,'10.4.56.116','Mozilla/5.0 (Windows NT 10.0; Win64; x64) AppleWebKit/537.36 (KHTML, like Gecko) Chrome/143.0.0.0 Safari/537.36 Edg/143.0.0.0','2025-12-21 05:24:42'),(570,33,'login','User logged in successfully','User logged in successfully',NULL,NULL,'10.4.56.116','Mozilla/5.0 (Windows NT 10.0; Win64; x64) AppleWebKit/537.36 (KHTML, like Gecko) Chrome/143.0.0.0 Safari/537.36 Edg/143.0.0.0','2025-12-21 05:28:24'),(571,33,'login_success','User logged in successfully: gn_4-2-3-2-140','User logged in successfully: gn_4-2-3-2-140',NULL,NULL,'10.4.56.116','Mozilla/5.0 (Windows NT 10.0; Win64; x64) AppleWebKit/537.36 (KHTML, like Gecko) Chrome/143.0.0.0 Safari/537.36 Edg/143.0.0.0','2025-12-21 05:28:24'),(572,33,'create','form_submissions_family','4',NULL,'{\"form_id\":\"7\",\"family_id\":\"42321220150543\",\"status\":\"submitted\",\"submission_id\":4}',NULL,NULL,'2025-12-21 05:55:18'),(573,33,'update','form_submissions_family','10',NULL,'{\"form_id\":\"5\",\"family_id\":\"42321220150543\",\"status\":\"submitted\",\"submission_id\":10}',NULL,NULL,'2025-12-21 06:28:47'),(574,33,'create','form_submissions_member','1',NULL,'{\"form_id\":\"7\",\"citizen_id\":\"23\",\"family_id\":\"42321220150543\",\"status\":\"submitted\",\"submission_id\":1}',NULL,NULL,'2025-12-21 06:41:26'),(575,33,'update','form_submissions_member','2',NULL,'{\"form_id\":\"7\",\"citizen_id\":\"23\",\"family_id\":\"42321220150543\",\"status\":\"submitted\",\"submission_id\":2}',NULL,NULL,'2025-12-21 06:45:26'),(576,33,'update','form_submissions_family','12',NULL,'{\"form_id\":\"7\",\"family_id\":\"42321220150543\",\"status\":\"submitted\",\"submission_id\":12}',NULL,NULL,'2025-12-21 06:57:30'),(577,1,'login','User logged in successfully','User logged in successfully',NULL,NULL,'10.4.56.116','Mozilla/5.0 (Windows NT 10.0; Win64; x64) AppleWebKit/537.36 (KHTML, like Gecko) Chrome/143.0.0.0 Safari/537.36 Edg/143.0.0.0','2025-12-21 07:03:31'),(578,1,'login_success','User logged in successfully: moha_admin','User logged in successfully: moha_admin',NULL,NULL,'10.4.56.116','Mozilla/5.0 (Windows NT 10.0; Win64; x64) AppleWebKit/537.36 (KHTML, like Gecko) Chrome/143.0.0.0 Safari/537.36 Edg/143.0.0.0','2025-12-21 07:03:31'),(579,1,'add_form_field','Added field \'Advance Level\' to form ID: 7','Added field \'Advance Level\' to form ID: 7',NULL,NULL,'10.4.56.116','Mozilla/5.0 (Windows NT 10.0; Win64; x64) AppleWebKit/537.36 (KHTML, like Gecko) Chrome/143.0.0.0 Safari/537.36 Edg/143.0.0.0','2025-12-21 07:05:00'),(580,1,'add_form_field','Added field \'Degree Year\' to form ID: 7','Added field \'Degree Year\' to form ID: 7',NULL,NULL,'10.4.56.116','Mozilla/5.0 (Windows NT 10.0; Win64; x64) AppleWebKit/537.36 (KHTML, like Gecko) Chrome/143.0.0.0 Safari/537.36 Edg/143.0.0.0','2025-12-21 07:05:28'),(581,1,'add_form_field','Added field \'Degree Type\' to form ID: 7','Added field \'Degree Type\' to form ID: 7',NULL,NULL,'10.4.56.116','Mozilla/5.0 (Windows NT 10.0; Win64; x64) AppleWebKit/537.36 (KHTML, like Gecko) Chrome/143.0.0.0 Safari/537.36 Edg/143.0.0.0','2025-12-21 07:05:55'),(582,33,'login','User logged in successfully','User logged in successfully',NULL,NULL,'10.4.56.116','Mozilla/5.0 (Windows NT 10.0; Win64; x64) AppleWebKit/537.36 (KHTML, like Gecko) Chrome/143.0.0.0 Safari/537.36 Edg/143.0.0.0','2025-12-21 07:06:10'),(583,33,'login_success','User logged in successfully: gn_4-2-3-2-140','User logged in successfully: gn_4-2-3-2-140',NULL,NULL,'10.4.56.116','Mozilla/5.0 (Windows NT 10.0; Win64; x64) AppleWebKit/537.36 (KHTML, like Gecko) Chrome/143.0.0.0 Safari/537.36 Edg/143.0.0.0','2025-12-21 07:06:10'),(584,1,'login','User logged in successfully','User logged in successfully',NULL,NULL,'10.4.56.116','Mozilla/5.0 (Windows NT 10.0; Win64; x64) AppleWebKit/537.36 (KHTML, like Gecko) Chrome/143.0.0.0 Safari/537.36 Edg/143.0.0.0','2025-12-21 07:07:49'),(585,1,'login_success','User logged in successfully: moha_admin','User logged in successfully: moha_admin',NULL,NULL,'10.4.56.116','Mozilla/5.0 (Windows NT 10.0; Win64; x64) AppleWebKit/537.36 (KHTML, like Gecko) Chrome/143.0.0.0 Safari/537.36 Edg/143.0.0.0','2025-12-21 07:07:49'),(586,1,'create_form','Created form: New Education form (ID: 8)','Created form: New Education form (ID: 8)',NULL,NULL,'10.4.56.116','Mozilla/5.0 (Windows NT 10.0; Win64; x64) AppleWebKit/537.36 (KHTML, like Gecko) Chrome/143.0.0.0 Safari/537.36 Edg/143.0.0.0','2025-12-21 07:10:33'),(587,1,'add_form_field','Added field \'Year\' to form ID: 8','Added field \'Year\' to form ID: 8',NULL,NULL,'10.4.56.116','Mozilla/5.0 (Windows NT 10.0; Win64; x64) AppleWebKit/537.36 (KHTML, like Gecko) Chrome/143.0.0.0 Safari/537.36 Edg/143.0.0.0','2025-12-21 07:10:58'),(588,1,'add_form_field','Added field \'stream\' to form ID: 8','Added field \'stream\' to form ID: 8',NULL,NULL,'10.4.56.116','Mozilla/5.0 (Windows NT 10.0; Win64; x64) AppleWebKit/537.36 (KHTML, like Gecko) Chrome/143.0.0.0 Safari/537.36 Edg/143.0.0.0','2025-12-21 07:11:22'),(589,1,'add_form_field','Added field \'subjects\' to form ID: 8','Added field \'subjects\' to form ID: 8',NULL,NULL,'10.4.56.116','Mozilla/5.0 (Windows NT 10.0; Win64; x64) AppleWebKit/537.36 (KHTML, like Gecko) Chrome/143.0.0.0 Safari/537.36 Edg/143.0.0.0','2025-12-21 07:11:45'),(590,33,'login','User logged in successfully','User logged in successfully',NULL,NULL,'10.4.56.116','Mozilla/5.0 (Windows NT 10.0; Win64; x64) AppleWebKit/537.36 (KHTML, like Gecko) Chrome/143.0.0.0 Safari/537.36 Edg/143.0.0.0','2025-12-21 07:12:46'),(591,33,'login_success','User logged in successfully: gn_4-2-3-2-140','User logged in successfully: gn_4-2-3-2-140',NULL,NULL,'10.4.56.116','Mozilla/5.0 (Windows NT 10.0; Win64; x64) AppleWebKit/537.36 (KHTML, like Gecko) Chrome/143.0.0.0 Safari/537.36 Edg/143.0.0.0','2025-12-21 07:12:46'),(592,33,'create','form_submissions_family','14',NULL,'{\"form_id\":\"8\",\"family_id\":\"42321211103654\",\"status\":\"submitted\",\"submission_id\":14}',NULL,NULL,'2025-12-21 07:13:21'),(593,33,'create','form_submissions_family','15',NULL,'{\"form_id\":\"7\",\"family_id\":\"42321211103654\",\"status\":\"submitted\",\"submission_id\":15}',NULL,NULL,'2025-12-21 07:14:13'),(594,33,'login','User logged in successfully','User logged in successfully',NULL,NULL,'112.135.68.46','Mozilla/5.0 (Windows NT 10.0; Win64; x64) AppleWebKit/537.36 (KHTML, like Gecko) Chrome/143.0.0.0 Safari/537.36 Edg/143.0.0.0','2025-12-21 14:36:12'),(595,33,'login_success','User logged in successfully: gn_4-2-3-2-140','User logged in successfully: gn_4-2-3-2-140',NULL,NULL,'112.135.68.46','Mozilla/5.0 (Windows NT 10.0; Win64; x64) AppleWebKit/537.36 (KHTML, like Gecko) Chrome/143.0.0.0 Safari/537.36 Edg/143.0.0.0','2025-12-21 14:36:12'),(596,28,'login','User logged in successfully','User logged in successfully',NULL,NULL,'112.135.68.46','Mozilla/5.0 (Windows NT 10.0; Win64; x64) AppleWebKit/537.36 (KHTML, like Gecko) Chrome/143.0.0.0 Safari/537.36 Edg/143.0.0.0','2025-12-21 14:41:31'),(597,28,'login_success','User logged in successfully: division_mannar_town','User logged in successfully: division_mannar_town',NULL,NULL,'112.135.68.46','Mozilla/5.0 (Windows NT 10.0; Win64; x64) AppleWebKit/537.36 (KHTML, like Gecko) Chrome/143.0.0.0 Safari/537.36 Edg/143.0.0.0','2025-12-21 14:41:31'),(598,28,'unauthorized_access','Attempted access to role-restricted page: /fpms/ad','Attempted access to role-restricted page: /fpms/admin/audit_logs.php',NULL,NULL,'175.157.81.68','Mozilla/5.0 (Windows NT 10.0; Win64; x64) AppleWebKit/537.36 (KHTML, like Gecko) Chrome/143.0.0.0 Safari/537.36 Edg/143.0.0.0','2025-12-21 14:57:23'),(599,16,'login','User logged in successfully','User logged in successfully',NULL,NULL,'175.157.81.68','Mozilla/5.0 (Windows NT 10.0; Win64; x64) AppleWebKit/537.36 (KHTML, like Gecko) Chrome/143.0.0.0 Safari/537.36 Edg/143.0.0.0','2025-12-21 14:59:35'),(600,16,'login_success','User logged in successfully: district_mannar','User logged in successfully: district_mannar',NULL,NULL,'175.157.81.68','Mozilla/5.0 (Windows NT 10.0; Win64; x64) AppleWebKit/537.36 (KHTML, like Gecko) Chrome/143.0.0.0 Safari/537.36 Edg/143.0.0.0','2025-12-21 14:59:35'),(601,33,'login','User logged in successfully','User logged in successfully',NULL,NULL,'175.157.81.68','Mozilla/5.0 (Windows NT 10.0; Win64; x64) AppleWebKit/537.36 (KHTML, like Gecko) Chrome/143.0.0.0 Safari/537.36 Edg/143.0.0.0','2025-12-21 15:56:33'),(602,33,'login_success','User logged in successfully: gn_4-2-3-2-140','User logged in successfully: gn_4-2-3-2-140',NULL,NULL,'175.157.81.68','Mozilla/5.0 (Windows NT 10.0; Win64; x64) AppleWebKit/537.36 (KHTML, like Gecko) Chrome/143.0.0.0 Safari/537.36 Edg/143.0.0.0','2025-12-21 15:56:33'),(603,1,'login','User logged in successfully','User logged in successfully',NULL,NULL,'112.135.74.65','Mozilla/5.0 (Windows NT 10.0; Win64; x64) AppleWebKit/537.36 (KHTML, like Gecko) Chrome/143.0.0.0 Safari/537.36 Edg/143.0.0.0','2025-12-22 06:11:44'),(604,1,'login_success','User logged in successfully: moha_admin','User logged in successfully: moha_admin',NULL,NULL,'112.135.74.65','Mozilla/5.0 (Windows NT 10.0; Win64; x64) AppleWebKit/537.36 (KHTML, like Gecko) Chrome/143.0.0.0 Safari/537.36 Edg/143.0.0.0','2025-12-22 06:11:44'),(605,1,'password_reset','Password reset by moha_admin for district_ampara','Password reset by moha_admin for district_ampara',NULL,NULL,'112.135.74.65','Mozilla/5.0 (Windows NT 10.0; Win64; x64) AppleWebKit/537.36 (KHTML, like Gecko) Chrome/143.0.0.0 Safari/537.36 Edg/143.0.0.0','2025-12-22 06:13:46'),(606,1,'unauthorized_password_reset','Attempted to reset password for user 35','Attempted to reset password for user 35',NULL,NULL,'112.135.74.65','Mozilla/5.0 (Windows NT 10.0; Win64; x64) AppleWebKit/537.36 (KHTML, like Gecko) Chrome/143.0.0.0 Safari/537.36 Edg/143.0.0.0','2025-12-22 06:14:59'),(607,16,'login','User logged in successfully','User logged in successfully',NULL,NULL,'112.135.74.65','Mozilla/5.0 (Windows NT 10.0; Win64; x64) AppleWebKit/537.36 (KHTML, like Gecko) Chrome/143.0.0.0 Safari/537.36 Edg/143.0.0.0','2025-12-22 06:18:26'),(608,16,'login_success','User logged in successfully: district_mannar','User logged in successfully: district_mannar',NULL,NULL,'112.135.74.65','Mozilla/5.0 (Windows NT 10.0; Win64; x64) AppleWebKit/537.36 (KHTML, like Gecko) Chrome/143.0.0.0 Safari/537.36 Edg/143.0.0.0','2025-12-22 06:18:26'),(609,28,'login','User logged in successfully','User logged in successfully',NULL,NULL,'112.135.74.65','Mozilla/5.0 (Windows NT 10.0; Win64; x64) AppleWebKit/537.36 (KHTML, like Gecko) Chrome/143.0.0.0 Safari/537.36 Edg/143.0.0.0','2025-12-22 06:20:50'),(610,28,'login_success','User logged in successfully: division_mannar_town','User logged in successfully: division_mannar_town',NULL,NULL,'112.135.74.65','Mozilla/5.0 (Windows NT 10.0; Win64; x64) AppleWebKit/537.36 (KHTML, like Gecko) Chrome/143.0.0.0 Safari/537.36 Edg/143.0.0.0','2025-12-22 06:20:50'),(611,28,'login','User logged in successfully','User logged in successfully',NULL,NULL,'112.135.74.65','Mozilla/5.0 (Windows NT 10.0; Win64; x64) AppleWebKit/537.36 (KHTML, like Gecko) Chrome/143.0.0.0 Safari/537.36 Edg/143.0.0.0','2025-12-22 06:21:46'),(612,28,'login_success','User logged in successfully: division_mannar_town','User logged in successfully: division_mannar_town',NULL,NULL,'112.135.74.65','Mozilla/5.0 (Windows NT 10.0; Win64; x64) AppleWebKit/537.36 (KHTML, like Gecko) Chrome/143.0.0.0 Safari/537.36 Edg/143.0.0.0','2025-12-22 06:21:46'),(613,33,'login','User logged in successfully','User logged in successfully',NULL,NULL,'112.135.74.65','Mozilla/5.0 (Windows NT 10.0; Win64; x64) AppleWebKit/537.36 (KHTML, like Gecko) Chrome/143.0.0.0 Safari/537.36 Edg/143.0.0.0','2025-12-22 06:27:59'),(614,33,'login_success','User logged in successfully: gn_4-2-3-2-140','User logged in successfully: gn_4-2-3-2-140',NULL,NULL,'112.135.74.65','Mozilla/5.0 (Windows NT 10.0; Win64; x64) AppleWebKit/537.36 (KHTML, like Gecko) Chrome/143.0.0.0 Safari/537.36 Edg/143.0.0.0','2025-12-22 06:27:59'),(615,33,'login','User logged in successfully','User logged in successfully',NULL,NULL,'112.135.74.65','Mozilla/5.0 (Windows NT 10.0; Win64; x64) AppleWebKit/537.36 (KHTML, like Gecko) Chrome/143.0.0.0 Safari/537.36 Edg/143.0.0.0','2025-12-22 06:31:00'),(616,33,'login_success','User logged in successfully: gn_4-2-3-2-140','User logged in successfully: gn_4-2-3-2-140',NULL,NULL,'112.135.74.65','Mozilla/5.0 (Windows NT 10.0; Win64; x64) AppleWebKit/537.36 (KHTML, like Gecko) Chrome/143.0.0.0 Safari/537.36 Edg/143.0.0.0','2025-12-22 06:31:00'),(617,33,'create','families','42321222121040',NULL,NULL,'112.135.74.65','Mozilla/5.0 (Windows NT 10.0; Win64; x64) AppleWebKit/537.36 (KHTML, like Gecko) Chrome/143.0.0.0 Safari/537.36 Edg/143.0.0.0','2025-12-22 06:40:40'),(618,33,'add_member','citizens','42321222121040',NULL,'{\"family_id\":\"42321222121040\",\"member_name\":\"Joicy Coonghe\",\"relation\":\"Wife\"}',NULL,NULL,'2025-12-22 06:44:23'),(619,33,'update_member','citizens','25',NULL,'{\"citizen_id\":25,\"member_name\":\"Joicy Coonghe\",\"family_id\":\"42321222121040\",\"changes\":{\"full_name\":\"Joicy Coonghe\",\"name_with_initials\":\"Joicy M.C\",\"gender\":\"female\",\"date_of_birth\":\"1996-10-08\",\"relation_to_head\":\"Wife\",\"marital_status\":\"married\",\"identification_type\":\"nic\",\"identification_number\":\"967822078V\",\"ethnicity\":\"Tamil\",\"religion\":\"Christian\",\"mobile_phone\":\"0767156238\",\"home_phone\":\"\",\"email\":\"itbarath@gmail.com\",\"member_address\":\"No16, Vankalai\"}}',NULL,NULL,'2025-12-22 06:46:50'),(620,33,'add_member','citizens','42321222121040',NULL,'{\"family_id\":\"42321222121040\",\"member_name\":\"Lavanaya\",\"relation\":\"Sister\"}',NULL,NULL,'2025-12-22 06:51:18'),(621,33,'create_family','families','42321222122241',NULL,'{\"new_family_id\":\"42321222122241\",\"from_family_id\":\"42321222121040\",\"member_id\":26,\"member_name\":\"Lavanaya\",\"reason\":\"kasdnmlkaskdmflkamlsd\"}','112.135.74.65','Mozilla/5.0 (Windows NT 10.0; Win64; x64) AppleWebKit/537.36 (KHTML, like Gecko) Chrome/143.0.0.0 Safari/537.36 Edg/143.0.0.0','2025-12-22 06:52:41'),(622,33,'update_member','citizens','26',NULL,'{\"citizen_id\":26,\"member_name\":\"Lavanaya\",\"family_id\":\"42321222122241\",\"changes\":{\"full_name\":\"Lavanaya\",\"name_with_initials\":\"L. Lavanaya\",\"gender\":\"female\",\"date_of_birth\":\"1996-05-06\",\"relation_to_head\":\"Self\",\"marital_status\":\"single\",\"identification_type\":\"postal\",\"identification_number\":\"FGFG32572\",\"ethnicity\":\"Tamil\",\"religion\":\"Christian\",\"mobile_phone\":\"0770080938\",\"home_phone\":\"\",\"email\":\"itbarath@gmail.com\",\"member_address\":\"asdjfojaiosdifja\",\"is_alive\":\"1\"}}',NULL,NULL,'2025-12-22 06:53:21'),(623,1,'login','User logged in successfully','User logged in successfully',NULL,NULL,'112.135.74.65','Mozilla/5.0 (Windows NT 10.0; Win64; x64) AppleWebKit/537.36 (KHTML, like Gecko) Chrome/143.0.0.0 Safari/537.36 Edg/143.0.0.0','2025-12-22 06:55:55'),(624,1,'login_success','User logged in successfully: moha_admin','User logged in successfully: moha_admin',NULL,NULL,'112.135.74.65','Mozilla/5.0 (Windows NT 10.0; Win64; x64) AppleWebKit/537.36 (KHTML, like Gecko) Chrome/143.0.0.0 Safari/537.36 Edg/143.0.0.0','2025-12-22 06:55:55'),(625,1,'create_form','Created form: gass cooker (ID: 9)','Created form: gass cooker (ID: 9)',NULL,NULL,'112.135.74.65','Mozilla/5.0 (Windows NT 10.0; Win64; x64) AppleWebKit/537.36 (KHTML, like Gecko) Chrome/143.0.0.0 Safari/537.36 Edg/143.0.0.0','2025-12-22 06:56:45'),(626,1,'add_form_field','Added field \'Type\' to form ID: 9','Added field \'Type\' to form ID: 9',NULL,NULL,'112.135.74.65','Mozilla/5.0 (Windows NT 10.0; Win64; x64) AppleWebKit/537.36 (KHTML, like Gecko) Chrome/143.0.0.0 Safari/537.36 Edg/143.0.0.0','2025-12-22 06:57:16'),(627,1,'add_form_field','Added field \'How many\' to form ID: 9','Added field \'How many\' to form ID: 9',NULL,NULL,'112.135.74.65','Mozilla/5.0 (Windows NT 10.0; Win64; x64) AppleWebKit/537.36 (KHTML, like Gecko) Chrome/143.0.0.0 Safari/537.36 Edg/143.0.0.0','2025-12-22 06:57:39'),(628,1,'add_form_field','Added field \'Amount\' to form ID: 9','Added field \'Amount\' to form ID: 9',NULL,NULL,'112.135.74.65','Mozilla/5.0 (Windows NT 10.0; Win64; x64) AppleWebKit/537.36 (KHTML, like Gecko) Chrome/143.0.0.0 Safari/537.36 Edg/143.0.0.0','2025-12-22 06:58:00'),(629,32,'login','User logged in successfully','User logged in successfully',NULL,NULL,'112.135.74.65','Mozilla/5.0 (Windows NT 10.0; Win64; x64) AppleWebKit/537.36 (KHTML, like Gecko) Chrome/143.0.0.0 Safari/537.36 Edg/143.0.0.0','2025-12-22 06:58:14'),(630,32,'login_success','User logged in successfully: gn_4-2-3-2-150','User logged in successfully: gn_4-2-3-2-150',NULL,NULL,'112.135.74.65','Mozilla/5.0 (Windows NT 10.0; Win64; x64) AppleWebKit/537.36 (KHTML, like Gecko) Chrome/143.0.0.0 Safari/537.36 Edg/143.0.0.0','2025-12-22 06:58:14'),(631,32,'create','form_submissions_family','16',NULL,'{\"form_id\":\"9\",\"family_id\":\"42321216084042\",\"status\":\"draft\",\"submission_id\":16}',NULL,NULL,'2025-12-22 06:58:41'),(632,32,'login','User logged in successfully','User logged in successfully',NULL,NULL,'112.135.74.65','Mozilla/5.0 (Windows NT 10.0; Win64; x64) AppleWebKit/537.36 (KHTML, like Gecko) Chrome/143.0.0.0 Safari/537.36 Edg/143.0.0.0','2025-12-22 09:21:00'),(633,32,'login_success','User logged in successfully: gn_4-2-3-2-150','User logged in successfully: gn_4-2-3-2-150',NULL,NULL,'112.135.74.65','Mozilla/5.0 (Windows NT 10.0; Win64; x64) AppleWebKit/537.36 (KHTML, like Gecko) Chrome/143.0.0.0 Safari/537.36 Edg/143.0.0.0','2025-12-22 09:21:00'),(634,32,'login','User logged in successfully','User logged in successfully',NULL,NULL,'10.4.56.116','Mozilla/5.0 (Windows NT 10.0; Win64; x64) AppleWebKit/537.36 (KHTML, like Gecko) Chrome/143.0.0.0 Safari/537.36 Edg/143.0.0.0','2026-01-05 06:37:51'),(635,32,'login_success','User logged in successfully: gn_4-2-3-2-150','User logged in successfully: gn_4-2-3-2-150',NULL,NULL,'10.4.56.116','Mozilla/5.0 (Windows NT 10.0; Win64; x64) AppleWebKit/537.36 (KHTML, like Gecko) Chrome/143.0.0.0 Safari/537.36 Edg/143.0.0.0','2026-01-05 06:37:51');
/*!40000 ALTER TABLE `audit_logs` ENABLE KEYS */;
UNLOCK TABLES;

--
-- Table structure for table `citizens`
--

DROP TABLE IF EXISTS `citizens`;
/*!40101 SET @saved_cs_client     = @@character_set_client */;
/*!50503 SET character_set_client = utf8mb4 */;
CREATE TABLE `citizens` (
  `citizen_id` int NOT NULL AUTO_INCREMENT,
  `family_id` varchar(20) COLLATE utf8mb4_unicode_ci NOT NULL,
  `identification_type` enum('nic','passport','postal','driving','other') COLLATE utf8mb4_unicode_ci NOT NULL,
  `identification_number` varchar(20) COLLATE utf8mb4_unicode_ci NOT NULL,
  `full_name` varchar(200) COLLATE utf8mb4_unicode_ci NOT NULL,
  `name_with_initials` varchar(100) COLLATE utf8mb4_unicode_ci DEFAULT NULL,
  `gender` enum('male','female','other') COLLATE utf8mb4_unicode_ci NOT NULL,
  `date_of_birth` date NOT NULL,
  `ethnicity` varchar(50) COLLATE utf8mb4_unicode_ci DEFAULT NULL,
  `religion` varchar(50) COLLATE utf8mb4_unicode_ci DEFAULT NULL,
  `mobile_phone` varchar(15) COLLATE utf8mb4_unicode_ci DEFAULT NULL,
  `home_phone` varchar(15) COLLATE utf8mb4_unicode_ci DEFAULT NULL,
  `email` varchar(100) COLLATE utf8mb4_unicode_ci DEFAULT NULL,
  `address` text COLLATE utf8mb4_unicode_ci,
  `relation_to_head` varchar(50) COLLATE utf8mb4_unicode_ci DEFAULT NULL,
  `marital_status` enum('single','married','divorced','widowed') COLLATE utf8mb4_unicode_ci DEFAULT NULL,
  `is_alive` tinyint(1) DEFAULT '1',
  `created_at` timestamp NULL DEFAULT CURRENT_TIMESTAMP,
  `updated_at` timestamp NULL DEFAULT CURRENT_TIMESTAMP ON UPDATE CURRENT_TIMESTAMP,
  PRIMARY KEY (`citizen_id`),
  UNIQUE KEY `unique_identification` (`identification_type`,`identification_number`),
  KEY `idx_family_id` (`family_id`),
  KEY `idx_identification_number` (`identification_number`),
  CONSTRAINT `citizens_ibfk_1` FOREIGN KEY (`family_id`) REFERENCES `families` (`family_id`)
) ENGINE=InnoDB AUTO_INCREMENT=27 DEFAULT CHARSET=utf8mb4 COLLATE=utf8mb4_unicode_ci;
/*!40101 SET character_set_client = @saved_cs_client */;

--
-- Dumping data for table `citizens`
--

LOCK TABLES `citizens` WRITE;
/*!40000 ALTER TABLE `citizens` DISABLE KEYS */;
INSERT INTO `citizens` VALUES (1,'42321210181342','nic','860202379V','Tharama','Barathan Kamalanathan','male','1986-10-12','Tamil','Hindu','0706034512',NULL,'syscgaa@gmail.com','kjnkdsjfna','Self','married',0,'2025-12-10 12:43:42','2025-12-12 13:36:18'),(2,'42321212190328','nic','19860200336','Vimala Conji croos','Vimala Conji','male','1986-07-09','Sinhala','Hindu','0706034512',NULL,'syscgaa@gmail.com','asdkjasd','Self','married',1,'2025-12-10 12:45:16','2025-12-12 13:33:28'),(4,'42321210181342','nic','854565435V','Suganya','M. Sugsnya','male','1967-11-05','Tamil','Hindu','0770034512','0770080345','itbarath@gmail.com','New files','Self','single',1,'2025-12-11 01:55:15','2025-12-11 05:31:47'),(5,'42321211103654','nic','200434343223','Joicy','S.D. Joicy','male','1986-12-03','Tamil','Hindu','0706034512','0770080345','syscgaa@gmail.com','Uppukulam north','Self','married',1,'2025-12-11 05:06:54','2025-12-11 05:06:54'),(6,'42321211103654','nic','854545678V','Vimalanathan','M. Sugsnya','male','2000-11-05','Sinhala','Hindu','0770034512','0770034512','itbarath@gmail.com','uhdiug sdfiuisd\r\nMannar','Wife','single',1,'2025-12-11 05:08:24','2025-12-11 05:08:24'),(8,'42321212190145','nic','876038978V','Vimalanathan','M. Sugsnya','male','2000-11-05','Sinhala','Hindu','0770034512','0770034512','itbarath@gmail.com','Same above','Self','single',1,'2025-12-11 05:12:42','2025-12-12 13:31:45'),(9,'42321212061507','nic','198626336663','Good family','G. Family','male','1967-10-12','Sinhala','Hindu','0706034512',NULL,'syscgaa@gmail.com','jhjhbjhbjh','Self','married',1,'2025-12-12 00:45:07','2025-12-12 00:45:07'),(10,'42321212061507','nic','876038898V','Vimalanathan','M. Sugsnya','male','2000-11-05','Sinhala','Islam','0770034512',NULL,'itbarath@gmail.com',NULL,'Son','single',1,'2025-12-12 00:46:58','2025-12-12 00:46:58'),(11,'42321212123754','nic','198626336434','Good family','G. Family','male','1978-11-11','Tamil','Hindu','0706034512','0706034512','syscgaa@gmail.com','Mannar','Self','single',1,'2025-12-12 07:07:54','2025-12-12 07:16:59'),(13,'42321212123754','nic','8760383445V','Vimalanathan','M. Sugsnya','male','2000-11-05','Tamil','Hindu','0770034512','0770034512','itbarath@gmail.com','msdkjnfkasd','Sister','single',1,'2025-12-12 07:16:05','2025-12-12 07:16:05'),(14,'42321212143510','nic','198602002364','Final Message','Message','male','1949-11-11','Tamil','Hindu','0706034512','0770034512','syscgaa@gmail.com','Mannar','Self','single',1,'2025-12-12 09:05:10','2025-12-12 09:05:10'),(15,'42321212144529','postal','870303478V','Final thinkking','Kamla','female','1967-12-02','Tamil','Hindu','0706034512','0770034512','syscgaa@gmail.com','Will be final thing.','Self','single',1,'2025-12-12 09:15:29','2025-12-12 09:15:29'),(16,'42321215140441','nic','860202367V','Mary Malar','M. Malar','male','1976-12-04','Tamil','Hindu','0706034512','0232222235','syscgaa@gmail.com','Mannar District Secretariat,\r\nNew address','Self','married',1,'2025-12-15 08:34:41','2025-12-15 08:34:41'),(18,'42321215145720','nic','780303478V','Asdfafsd','A.D.sdfasdas','male','1967-12-09','Sinhala','Hindu','0232222235','0770034512','ictmannar@gmail.com','uhdiug sdfiuisd\r\nMannar','Self','single',1,'2025-12-15 09:27:20','2025-12-15 09:27:20'),(19,'42321216084042','nic','782303478V','Ramanathan','A. Ramanathan','male','1978-10-10','Tamil','Hindu','0770034512','0232223410','itbarath@gmail.com','Mannar new street','Self','single',1,'2025-12-16 03:10:42','2025-12-16 03:10:42'),(20,'42321216084042','nic','780485332V','VInasha','A.VInasha','female','2000-12-02','Tamil','Hindu','0706034512','0232222235','syscgaa@gmail.com','Mannar District Secretariat,\r\nMadhawachiya -  Thaimannar High way','Wife','single',1,'2025-12-16 03:17:43','2025-12-16 03:17:43'),(21,'42321216084042','nic','780202378V','Vithusha','S.VIthusaha','female','2000-10-20','Tamil','Hindu','0706034535','0706034598','syscgaa@gmail.com','Moors street','Daughter','single',1,'2025-12-16 03:19:02','2025-12-16 03:19:02'),(22,'42321220150543','nic','198602002356','kjhsakdjhfas','A.sajdhkfja','male','1986-12-10','Sinhala','Hindu','0706034512','0770080938','syscgaa@gmail.com','knkjnjsdfgs','Self','married',1,'2025-12-20 09:35:43','2025-12-20 09:35:43'),(23,'42321220150543','passport','199602993467','KOkila','Akaksjd','female','1990-12-10','Tamil','Hindu','0770080938','0706034512','itbarath@gmail.com','No16, Uppukulam North','Wife','single',1,'2025-12-20 09:37:25','2025-12-20 09:37:25'),(24,'42321222121040','nic','967822027V','Sebastian Dionis Claus','S. Dionis Claus','male','1996-08-22','Tamil','Christian','0719865965',NULL,'Dionis2@gmail.com','NO 181,23412 askjdkfa, sdfas','Self','married',1,'2025-12-22 06:40:40','2025-12-22 06:40:40'),(25,'42321222121040','nic','967822078V','Joicy Coonghe','Joicy M.C','female','1996-10-08','Tamil','Christian','0767156238',NULL,'itbarath@gmail.com','No16, Vankalai','Wife','married',0,'2025-12-22 06:44:23','2025-12-22 06:46:50'),(26,'42321222122241','postal','FGFG32572','Lavanaya','L. Lavanaya','female','1996-05-06','Tamil','Christian','0770080938',NULL,'itbarath@gmail.com','asdjfojaiosdifja','Self','single',1,'2025-12-22 06:51:18','2025-12-22 06:53:21');
/*!40000 ALTER TABLE `citizens` ENABLE KEYS */;
UNLOCK TABLES;

--
-- Table structure for table `dashboard_stats`
--

DROP TABLE IF EXISTS `dashboard_stats`;
/*!40101 SET @saved_cs_client     = @@character_set_client */;
/*!50503 SET character_set_client = utf8mb4 */;
CREATE TABLE `dashboard_stats` (
  `stat_id` int NOT NULL AUTO_INCREMENT,
  `user_type` enum('moha','district','division','gn') COLLATE utf8mb4_unicode_ci DEFAULT NULL,
  `office_code` varchar(13) COLLATE utf8mb4_unicode_ci DEFAULT NULL,
  `stat_date` date DEFAULT NULL,
  `total_families` int DEFAULT '0',
  `total_citizens` int DEFAULT '0',
  `pending_transfers` int DEFAULT '0',
  `pending_forms` int DEFAULT '0',
  `created_at` timestamp NULL DEFAULT CURRENT_TIMESTAMP,
  PRIMARY KEY (`stat_id`)
) ENGINE=InnoDB DEFAULT CHARSET=utf8mb4 COLLATE=utf8mb4_unicode_ci;
/*!40101 SET character_set_client = @saved_cs_client */;

--
-- Dumping data for table `dashboard_stats`
--

LOCK TABLES `dashboard_stats` WRITE;
/*!40000 ALTER TABLE `dashboard_stats` DISABLE KEYS */;
/*!40000 ALTER TABLE `dashboard_stats` ENABLE KEYS */;
UNLOCK TABLES;

--
-- Table structure for table `division_gn_mapping`
--

DROP TABLE IF EXISTS `division_gn_mapping`;
/*!40101 SET @saved_cs_client     = @@character_set_client */;
/*!50503 SET character_set_client = utf8mb4 */;
CREATE TABLE `division_gn_mapping` (
  `mapping_id` int NOT NULL AUTO_INCREMENT,
  `division_code` varchar(13) COLLATE utf8mb4_unicode_ci NOT NULL,
  `gn_office_code` varchar(13) COLLATE utf8mb4_unicode_ci NOT NULL,
  `created_at` timestamp NULL DEFAULT CURRENT_TIMESTAMP,
  PRIMARY KEY (`mapping_id`),
  UNIQUE KEY `unique_mapping` (`division_code`,`gn_office_code`),
  KEY `gn_office_code` (`gn_office_code`),
  CONSTRAINT `division_gn_mapping_ibfk_1` FOREIGN KEY (`division_code`) REFERENCES `users` (`office_code`),
  CONSTRAINT `division_gn_mapping_ibfk_2` FOREIGN KEY (`gn_office_code`) REFERENCES `users` (`office_code`)
) ENGINE=InnoDB DEFAULT CHARSET=utf8mb4 COLLATE=utf8mb4_unicode_ci;
/*!40101 SET character_set_client = @saved_cs_client */;

--
-- Dumping data for table `division_gn_mapping`
--

LOCK TABLES `division_gn_mapping` WRITE;
/*!40000 ALTER TABLE `division_gn_mapping` DISABLE KEYS */;
/*!40000 ALTER TABLE `division_gn_mapping` ENABLE KEYS */;
UNLOCK TABLES;

--
-- Table structure for table `education`
--

DROP TABLE IF EXISTS `education`;
/*!40101 SET @saved_cs_client     = @@character_set_client */;
/*!50503 SET character_set_client = utf8mb4 */;
CREATE TABLE `education` (
  `education_id` int NOT NULL AUTO_INCREMENT,
  `citizen_id` int NOT NULL,
  `education_level` enum('1','2','3','4','5','6','7','8','9','10','ol','al','diploma','degree','masters','mphil','phd') COLLATE utf8mb4_unicode_ci NOT NULL,
  `school_name` varchar(200) COLLATE utf8mb4_unicode_ci DEFAULT NULL,
  `year_completed` year DEFAULT NULL,
  `stream` varchar(100) COLLATE utf8mb4_unicode_ci DEFAULT NULL,
  `results` text COLLATE utf8mb4_unicode_ci,
  `is_current` tinyint(1) DEFAULT '0',
  `created_at` timestamp NULL DEFAULT CURRENT_TIMESTAMP,
  PRIMARY KEY (`education_id`),
  KEY `idx_citizen_id` (`citizen_id`),
  KEY `idx_education_level` (`education_level`),
  CONSTRAINT `education_ibfk_1` FOREIGN KEY (`citizen_id`) REFERENCES `citizens` (`citizen_id`) ON DELETE CASCADE
) ENGINE=InnoDB DEFAULT CHARSET=utf8mb4 COLLATE=utf8mb4_unicode_ci;
/*!40101 SET character_set_client = @saved_cs_client */;

--
-- Dumping data for table `education`
--

LOCK TABLES `education` WRITE;
/*!40000 ALTER TABLE `education` DISABLE KEYS */;
/*!40000 ALTER TABLE `education` ENABLE KEYS */;
UNLOCK TABLES;

--
-- Table structure for table `employment`
--

DROP TABLE IF EXISTS `employment`;
/*!40101 SET @saved_cs_client     = @@character_set_client */;
/*!50503 SET character_set_client = utf8mb4 */;
CREATE TABLE `employment` (
  `employment_id` int NOT NULL AUTO_INCREMENT,
  `citizen_id` int NOT NULL,
  `employment_type` enum('government','private','self','labor','unemployed','student','retired') COLLATE utf8mb4_unicode_ci NOT NULL,
  `monthly_income` decimal(10,2) DEFAULT NULL,
  `designation` varchar(100) COLLATE utf8mb4_unicode_ci DEFAULT NULL,
  `employer_name` varchar(200) COLLATE utf8mb4_unicode_ci DEFAULT NULL,
  `employer_address` text COLLATE utf8mb4_unicode_ci,
  `employment_sector` varchar(100) COLLATE utf8mb4_unicode_ci DEFAULT NULL,
  `is_current_job` tinyint(1) DEFAULT '1',
  `start_date` date DEFAULT NULL,
  `end_date` date DEFAULT NULL,
  `created_at` timestamp NULL DEFAULT CURRENT_TIMESTAMP,
  `updated_at` timestamp NULL DEFAULT CURRENT_TIMESTAMP ON UPDATE CURRENT_TIMESTAMP,
  PRIMARY KEY (`employment_id`),
  KEY `idx_citizen_id` (`citizen_id`),
  KEY `idx_employment_type` (`employment_type`),
  CONSTRAINT `employment_ibfk_1` FOREIGN KEY (`citizen_id`) REFERENCES `citizens` (`citizen_id`) ON DELETE CASCADE
) ENGINE=InnoDB DEFAULT CHARSET=utf8mb4 COLLATE=utf8mb4_unicode_ci;
/*!40101 SET character_set_client = @saved_cs_client */;

--
-- Dumping data for table `employment`
--

LOCK TABLES `employment` WRITE;
/*!40000 ALTER TABLE `employment` DISABLE KEYS */;
/*!40000 ALTER TABLE `employment` ENABLE KEYS */;
UNLOCK TABLES;

--
-- Table structure for table `families`
--

DROP TABLE IF EXISTS `families`;
/*!40101 SET @saved_cs_client     = @@character_set_client */;
/*!50503 SET character_set_client = utf8mb4 */;
CREATE TABLE `families` (
  `family_id` varchar(20) CHARACTER SET utf8mb4 COLLATE utf8mb4_unicode_ci NOT NULL,
  `gn_id` varchar(13) COLLATE utf8mb4_unicode_ci NOT NULL,
  `original_gn_id` varchar(13) COLLATE utf8mb4_unicode_ci NOT NULL,
  `family_head_nic` varchar(12) COLLATE utf8mb4_unicode_ci DEFAULT NULL,
  `address` text COLLATE utf8mb4_unicode_ci,
  `total_members` int DEFAULT '1',
  `is_transferred` tinyint(1) DEFAULT '0',
  `has_pending_transfer` tinyint(1) DEFAULT '0',
  `transfer_history` text COLLATE utf8mb4_unicode_ci,
  `last_transfer_request` varchar(50) COLLATE utf8mb4_unicode_ci DEFAULT NULL,
  `created_by` int DEFAULT NULL,
  `created_at` timestamp NULL DEFAULT CURRENT_TIMESTAMP,
  `updated_at` timestamp NULL DEFAULT CURRENT_TIMESTAMP ON UPDATE CURRENT_TIMESTAMP,
  PRIMARY KEY (`family_id`),
  KEY `created_by` (`created_by`),
  KEY `idx_gn_id` (`gn_id`),
  KEY `idx_original_gn_id` (`original_gn_id`),
  KEY `idx_pending_transfer` (`has_pending_transfer`),
  CONSTRAINT `families_ibfk_1` FOREIGN KEY (`created_by`) REFERENCES `users` (`user_id`)
) ENGINE=InnoDB DEFAULT CHARSET=utf8mb4 COLLATE=utf8mb4_unicode_ci;
/*!40101 SET character_set_client = @saved_cs_client */;

--
-- Dumping data for table `families`
--

LOCK TABLES `families` WRITE;
/*!40000 ALTER TABLE `families` DISABLE KEYS */;
INSERT INTO `families` VALUES ('42321210181342','4-2-3-2-150','4-2-3-2-150','860202379V','Mannar',2,0,0,'{\"status\":\"cancelled\",\"cancelled_by\":32,\"cancelled_by_name\":\"gn_4-2-3-2-150\",\"cancellation_date\":\"2025-12-15 17:23:37\",\"reason\":\"Cancel pending\\r\\n\"}','TRF202512111157073255',32,'2025-12-10 12:43:42','2025-12-15 11:53:37'),('42321211103654','4-2-3-2-140','4-2-3-2-150','200434343223','No 34, Moor street',2,1,0,'{\"status\":\"completed\",\"completed_by\":33,\"completed_by_name\":\"gn_4-2-3-2-140\",\"completion_date\":\"2025-12-20 15:09:57\",\"new_gn_id\":\"4-2-3-2-140\",\"note\":\"jjhgjhg\"}','TRF202512111459104275',32,'2025-12-11 05:06:54','2025-12-20 09:39:57'),('42321212061507','4-2-3-2-110','4-2-3-2-150','198626336663','Mannar',2,1,0,'{\"status\":\"completed\",\"completed_by\":34,\"completed_by_name\":\"gn_4-2-3-2-110\",\"completion_date\":\"2025-12-16 08:59:40\",\"new_gn_id\":\"4-2-3-2-110\",\"note\":\"Transfer completed\"}','TRF202512120618579808',32,'2025-12-12 00:45:07','2025-12-16 03:29:40'),('42321212123754','4-2-3-2-150','4-2-3-2-150','198626336434','Mannar',2,0,0,'{\"status\":\"rejected\",\"rejected_by\":28,\"rejected_by_name\":\"division_mannar_town\",\"rejection_date\":\"2025-12-15 17:40:48\",\"reason\":\"NO admission \"}','TRF202512121258143889',32,'2025-12-12 07:07:54','2025-12-15 12:10:48'),('42321212143510','4-2-3-2-150','4-2-3-2-150','198602002364','Final update',1,0,0,NULL,NULL,32,'2025-12-12 09:05:10','2025-12-12 09:05:10'),('42321212144529','4-2-3-2-150','4-2-3-2-150',NULL,'Will Be care',1,0,0,NULL,NULL,32,'2025-12-12 09:15:29','2025-12-12 09:15:29'),('42321212190145','4-2-3-2-150','4-2-3-2-150','876038978V','My Addresss',1,0,1,'{\"status\":\"approved\",\"approved_by\":28,\"approved_by_name\":\"division_mannar_town\",\"approval_date\":\"2025-12-15 17:40:23\",\"note\":\"Approved transfer\"}','TRF202512131224467134',32,'2025-12-12 13:31:45','2025-12-15 12:10:23'),('42321212190328','4-2-3-2-150','4-2-3-2-150','19860200336','ookxfvzxcv',1,0,0,'{\"status\":\"cancelled\",\"cancelled_by\":32,\"cancelled_by_name\":\"gn_4-2-3-2-150\",\"cancellation_date\":\"2025-12-15 17:23:14\",\"reason\":\"need thinking\"}','TRF202512151604178667',32,'2025-12-12 13:33:28','2025-12-15 11:53:14'),('42321215140441','4-2-3-2-150','4-2-3-2-110','860202367V','Mannar District Secretariat,\r\nMadhawachiya -  Thaimannar High way',1,1,0,'{\"status\":\"completed\",\"completed_by\":32,\"completed_by_name\":\"gn_4-2-3-2-150\",\"completion_date\":\"2025-12-16 09:46:31\",\"new_gn_id\":\"4-2-3-2-150\",\"note\":\"Welcome\"}','TRF202512160939064577',34,'2025-12-15 08:34:41','2025-12-16 04:16:31'),('42321215145720','4-2-3-2-110','4-2-3-2-110','780303478V','Smaller',1,0,0,NULL,NULL,34,'2025-12-15 09:27:20','2025-12-15 09:27:20'),('42321216084042','4-2-3-2-150','4-2-3-2-140','782303478V','Family 1 Address',3,1,0,'{\"status\":\"completed\",\"completed_by\":32,\"completed_by_name\":\"gn_4-2-3-2-150\",\"completion_date\":\"2025-12-18 21:53:16\",\"new_gn_id\":\"4-2-3-2-150\",\"note\":\"Transfer completed\"}','TRF202512160850226603',33,'2025-12-16 03:10:42','2025-12-18 16:23:16'),('42321220150543','4-2-3-2-140','4-2-3-2-150','198602002356','NO 18 kasndkjasd',2,1,0,'{\"status\":\"completed\",\"completed_by\":33,\"completed_by_name\":\"gn_4-2-3-2-140\",\"completion_date\":\"2025-12-21 07:13:39\",\"new_gn_id\":\"4-2-3-2-140\",\"note\":\"OK \"}','TRF202512210630489385',32,'2025-12-20 09:35:43','2025-12-21 01:43:39'),('42321222121040','4-2-3-2-140','4-2-3-2-140','967822027V','NO 181,23412 askjdkfa, sdfas',2,0,0,NULL,NULL,33,'2025-12-22 06:40:40','2025-12-22 06:52:41'),('42321222122241','4-2-3-2-140','4-2-3-2-140',NULL,'ahifuhaisudfasd',1,0,0,NULL,NULL,33,'2025-12-22 06:52:41','2025-12-22 06:52:41');
/*!40000 ALTER TABLE `families` ENABLE KEYS */;
UNLOCK TABLES;

--
-- Table structure for table `form_assignments`
--

DROP TABLE IF EXISTS `form_assignments`;
/*!40101 SET @saved_cs_client     = @@character_set_client */;
/*!50503 SET character_set_client = utf8mb4 */;
CREATE TABLE `form_assignments` (
  `assignment_id` int NOT NULL AUTO_INCREMENT,
  `form_id` int NOT NULL,
  `assigned_to_user_type` enum('moha','district','division','gn') CHARACTER SET utf8mb4 COLLATE utf8mb4_unicode_ci NOT NULL,
  `assigned_to_office_code` varchar(13) CHARACTER SET utf8mb4 COLLATE utf8mb4_unicode_ci DEFAULT NULL,
  `assigned_to_user_id` int DEFAULT NULL,
  `assignment_type` enum('create','fill','review','all') CHARACTER SET utf8mb4 COLLATE utf8mb4_unicode_ci NOT NULL DEFAULT 'fill',
  `can_edit` tinyint(1) DEFAULT '1',
  `can_delete` tinyint(1) DEFAULT '0',
  `can_review` tinyint(1) DEFAULT '0',
  `assigned_by_user_id` int DEFAULT NULL,
  `assigned_at` timestamp NULL DEFAULT CURRENT_TIMESTAMP,
  `expires_at` datetime DEFAULT NULL,
  PRIMARY KEY (`assignment_id`),
  KEY `idx_form_id` (`form_id`),
  KEY `idx_user_type` (`assigned_to_user_type`),
  KEY `idx_office_code` (`assigned_to_office_code`),
  KEY `idx_user_id` (`assigned_to_user_id`),
  KEY `assigned_by_user_id` (`assigned_by_user_id`),
  CONSTRAINT `form_assignments_ibfk_1` FOREIGN KEY (`form_id`) REFERENCES `forms` (`form_id`) ON DELETE CASCADE,
  CONSTRAINT `form_assignments_ibfk_2` FOREIGN KEY (`assigned_by_user_id`) REFERENCES `users` (`user_id`)
) ENGINE=InnoDB AUTO_INCREMENT=5 DEFAULT CHARSET=utf8mb4 COLLATE=utf8mb4_unicode_ci;
/*!40101 SET character_set_client = @saved_cs_client */;

--
-- Dumping data for table `form_assignments`
--

LOCK TABLES `form_assignments` WRITE;
/*!40000 ALTER TABLE `form_assignments` DISABLE KEYS */;
INSERT INTO `form_assignments` VALUES (3,5,'gn','',NULL,'all',1,1,1,1,'2025-12-20 07:09:39','2025-12-31 23:59:59'),(4,7,'gn','',NULL,'all',0,0,0,1,'2025-12-20 16:23:28',NULL);
/*!40000 ALTER TABLE `form_assignments` ENABLE KEYS */;
UNLOCK TABLES;

--
-- Table structure for table `form_fields`
--

DROP TABLE IF EXISTS `form_fields`;
/*!40101 SET @saved_cs_client     = @@character_set_client */;
/*!50503 SET character_set_client = utf8mb4 */;
CREATE TABLE `form_fields` (
  `field_id` int NOT NULL AUTO_INCREMENT,
  `form_id` int NOT NULL,
  `field_code` varchar(100) CHARACTER SET utf8mb4 COLLATE utf8mb4_unicode_ci NOT NULL,
  `field_label` varchar(500) CHARACTER SET utf8mb4 COLLATE utf8mb4_unicode_ci NOT NULL,
  `field_type` enum('text','textarea','number','date','radio','checkbox','dropdown','email','phone','yesno','file','rating') CHARACTER SET utf8mb4 COLLATE utf8mb4_unicode_ci NOT NULL,
  `field_options` text CHARACTER SET utf8mb4 COLLATE utf8mb4_unicode_ci,
  `validation_rules` text CHARACTER SET utf8mb4 COLLATE utf8mb4_unicode_ci,
  `is_required` tinyint(1) DEFAULT '0',
  `field_order` int DEFAULT '0',
  `visibility_condition` text CHARACTER SET utf8mb4 COLLATE utf8mb4_unicode_ci,
  `default_value` text CHARACTER SET utf8mb4 COLLATE utf8mb4_unicode_ci,
  `placeholder` varchar(500) CHARACTER SET utf8mb4 COLLATE utf8mb4_unicode_ci DEFAULT NULL,
  `hint_text` text CHARACTER SET utf8mb4 COLLATE utf8mb4_unicode_ci,
  `created_at` timestamp NULL DEFAULT CURRENT_TIMESTAMP,
  `updated_at` timestamp NULL DEFAULT CURRENT_TIMESTAMP ON UPDATE CURRENT_TIMESTAMP,
  PRIMARY KEY (`field_id`),
  UNIQUE KEY `unique_form_field` (`form_id`,`field_code`),
  KEY `idx_form_id` (`form_id`),
  KEY `idx_field_order` (`field_order`),
  CONSTRAINT `form_fields_ibfk_1` FOREIGN KEY (`form_id`) REFERENCES `forms` (`form_id`) ON DELETE CASCADE
) ENGINE=InnoDB AUTO_INCREMENT=26 DEFAULT CHARSET=utf8mb4 COLLATE=utf8mb4_unicode_ci;
/*!40101 SET character_set_client = @saved_cs_client */;

--
-- Dumping data for table `form_fields`
--

LOCK TABLES `form_fields` WRITE;
/*!40000 ALTER TABLE `form_fields` DISABLE KEYS */;
INSERT INTO `form_fields` VALUES (10,5,'income_expenses','Income Expenses','text','','',1,0,NULL,'','','','2025-12-20 07:06:28','2025-12-20 07:07:28'),(11,5,'amount','Amount','number','','',1,1,NULL,'','','','2025-12-20 07:06:52','2025-12-20 07:07:28'),(12,5,'when_you_start','when you start ?','date','','',1,2,NULL,'','','','2025-12-20 07:07:23','2025-12-20 07:07:28'),(13,6,'income_type','Income type','text','','',0,1,NULL,'','','','2025-12-20 09:44:26','2025-12-20 09:44:26'),(14,7,'year','Year','number','','',1,1,NULL,'Enter the year','Enter the year','','2025-12-20 16:21:26','2025-12-20 16:21:26'),(15,7,'steram','Steram','dropdown','[\"Bio\",\"Maths\",\"Arts\",\"Comerce\",\"BTC\",\"ETEC\"]','',0,2,NULL,'','','','2025-12-20 16:22:12','2025-12-20 16:22:12'),(16,7,'r','result','number','','',1,3,NULL,'result','Result','','2025-12-20 16:22:58','2025-12-20 16:22:58'),(17,7,'advance_level','Advance Level','text','','',1,4,NULL,'','','','2025-12-21 07:05:00','2025-12-21 07:05:00'),(18,7,'degree_year','Degree Year','text','','',0,5,NULL,'','','','2025-12-21 07:05:28','2025-12-21 07:05:28'),(19,7,'degree_type','Degree Type','text','','',1,5,NULL,'','','','2025-12-21 07:05:55','2025-12-21 07:05:55'),(20,8,'year','Year','date','','',1,1,NULL,'','','','2025-12-21 07:10:58','2025-12-21 07:10:58'),(21,8,'stream','stream','text','','',1,2,NULL,'','','','2025-12-21 07:11:22','2025-12-21 07:11:22'),(22,8,'subjects','subjects','text','','',1,2,NULL,'','','','2025-12-21 07:11:45','2025-12-21 07:11:45'),(23,9,'type','Type','text','','',1,1,NULL,'','','','2025-12-22 06:57:16','2025-12-22 06:57:16'),(24,9,'how_many','How many','number','','',1,2,NULL,'','','','2025-12-22 06:57:38','2025-12-22 06:57:38'),(25,9,'amount','Amount','number','','',1,3,NULL,'','','','2025-12-22 06:58:00','2025-12-22 06:58:00');
/*!40000 ALTER TABLE `form_fields` ENABLE KEYS */;
UNLOCK TABLES;

--
-- Table structure for table `form_responses_family`
--

DROP TABLE IF EXISTS `form_responses_family`;
/*!40101 SET @saved_cs_client     = @@character_set_client */;
/*!50503 SET character_set_client = utf8mb4 */;
CREATE TABLE `form_responses_family` (
  `response_id` int NOT NULL AUTO_INCREMENT,
  `submission_id` int NOT NULL,
  `field_id` int NOT NULL,
  `field_value` text CHARACTER SET utf8mb4 COLLATE utf8mb4_unicode_ci,
  `file_path` varchar(500) CHARACTER SET utf8mb4 COLLATE utf8mb4_unicode_ci DEFAULT NULL,
  `file_name` varchar(500) CHARACTER SET utf8mb4 COLLATE utf8mb4_unicode_ci DEFAULT NULL,
  `file_size` int DEFAULT NULL,
  `file_type` varchar(100) CHARACTER SET utf8mb4 COLLATE utf8mb4_unicode_ci DEFAULT NULL,
  `created_at` timestamp NULL DEFAULT CURRENT_TIMESTAMP,
  `updated_at` timestamp NULL DEFAULT CURRENT_TIMESTAMP ON UPDATE CURRENT_TIMESTAMP,
  PRIMARY KEY (`response_id`),
  UNIQUE KEY `unique_submission_field` (`submission_id`,`field_id`),
  KEY `idx_submission_id` (`submission_id`),
  KEY `idx_field_id` (`field_id`),
  CONSTRAINT `form_responses_family_ibfk_1` FOREIGN KEY (`submission_id`) REFERENCES `form_submissions_family` (`submission_id`) ON DELETE CASCADE,
  CONSTRAINT `form_responses_family_ibfk_2` FOREIGN KEY (`field_id`) REFERENCES `form_fields` (`field_id`)
) ENGINE=InnoDB AUTO_INCREMENT=29 DEFAULT CHARSET=utf8mb4 COLLATE=utf8mb4_unicode_ci;
/*!40101 SET character_set_client = @saved_cs_client */;

--
-- Dumping data for table `form_responses_family`
--

LOCK TABLES `form_responses_family` WRITE;
/*!40000 ALTER TABLE `form_responses_family` DISABLE KEYS */;
INSERT INTO `form_responses_family` VALUES (1,1,11,'5000',NULL,NULL,NULL,NULL,'2025-12-20 08:54:36','2025-12-20 08:54:36'),(2,1,10,'New salary',NULL,NULL,NULL,NULL,'2025-12-20 08:54:36','2025-12-20 08:54:36'),(3,1,12,'2025-12-11',NULL,NULL,NULL,NULL,'2025-12-20 08:54:36','2025-12-20 08:54:36'),(4,2,13,'jggu',NULL,NULL,NULL,NULL,'2025-12-20 09:45:57','2025-12-20 09:45:57'),(5,3,11,'5000',NULL,NULL,NULL,NULL,'2025-12-20 09:53:55','2025-12-20 09:53:55'),(6,3,10,'kjkcjZ',NULL,NULL,NULL,NULL,'2025-12-20 09:53:55','2025-12-20 09:53:55'),(7,3,12,'2025-12-10',NULL,NULL,NULL,NULL,'2025-12-20 09:53:55','2025-12-20 09:53:55'),(8,4,16,'23',NULL,NULL,NULL,NULL,'2025-12-21 05:55:18','2025-12-21 05:55:18'),(9,4,15,'Maths',NULL,NULL,NULL,NULL,'2025-12-21 05:55:18','2025-12-21 05:55:18'),(10,4,14,'2000',NULL,NULL,NULL,NULL,'2025-12-21 05:55:18','2025-12-21 05:55:18'),(11,10,11,'7000',NULL,NULL,NULL,NULL,'2025-12-21 06:28:47','2025-12-21 06:28:47'),(12,10,10,'kjkcjZ',NULL,NULL,NULL,NULL,'2025-12-21 06:28:47','2025-12-21 06:28:47'),(13,10,12,'2025-12-10',NULL,NULL,NULL,NULL,'2025-12-21 06:28:47','2025-12-21 06:28:47'),(14,12,16,'100',NULL,NULL,NULL,NULL,'2025-12-21 06:57:30','2025-12-21 06:57:30'),(15,12,15,'Maths',NULL,NULL,NULL,NULL,'2025-12-21 06:57:30','2025-12-21 06:57:30'),(16,12,14,'2021',NULL,NULL,NULL,NULL,'2025-12-21 06:57:30','2025-12-21 06:57:30'),(17,14,21,'mAths',NULL,NULL,NULL,NULL,'2025-12-21 07:13:21','2025-12-21 07:13:21'),(18,14,22,'SKdlkamsfa',NULL,NULL,NULL,NULL,'2025-12-21 07:13:21','2025-12-21 07:13:21'),(19,14,20,'2025-12-09',NULL,NULL,NULL,NULL,'2025-12-21 07:13:21','2025-12-21 07:13:21'),(20,15,17,'asdnkjasdkjnkasd',NULL,NULL,NULL,NULL,'2025-12-21 07:14:13','2025-12-21 07:14:13'),(21,15,19,'asdnknasd',NULL,NULL,NULL,NULL,'2025-12-21 07:14:13','2025-12-21 07:14:13'),(22,15,18,'1934',NULL,NULL,NULL,NULL,'2025-12-21 07:14:13','2025-12-21 07:14:13'),(23,15,16,'2323',NULL,NULL,NULL,NULL,'2025-12-21 07:14:13','2025-12-21 07:14:13'),(24,15,15,'Arts',NULL,NULL,NULL,NULL,'2025-12-21 07:14:13','2025-12-21 07:14:13'),(25,15,14,'2023',NULL,NULL,NULL,NULL,'2025-12-21 07:14:13','2025-12-21 07:14:13'),(26,16,25,'5000',NULL,NULL,NULL,NULL,'2025-12-22 06:58:41','2025-12-22 06:58:41'),(27,16,24,'3',NULL,NULL,NULL,NULL,'2025-12-22 06:58:41','2025-12-22 06:58:41'),(28,16,23,'asnkjdnkA',NULL,NULL,NULL,NULL,'2025-12-22 06:58:41','2025-12-22 06:58:41');
/*!40000 ALTER TABLE `form_responses_family` ENABLE KEYS */;
UNLOCK TABLES;

--
-- Table structure for table `form_responses_member`
--

DROP TABLE IF EXISTS `form_responses_member`;
/*!40101 SET @saved_cs_client     = @@character_set_client */;
/*!50503 SET character_set_client = utf8mb4 */;
CREATE TABLE `form_responses_member` (
  `response_id` int NOT NULL AUTO_INCREMENT,
  `submission_id` int NOT NULL,
  `field_id` int NOT NULL,
  `field_value` text CHARACTER SET utf8mb4 COLLATE utf8mb4_unicode_ci,
  `file_path` varchar(500) CHARACTER SET utf8mb4 COLLATE utf8mb4_unicode_ci DEFAULT NULL,
  `file_name` varchar(500) CHARACTER SET utf8mb4 COLLATE utf8mb4_unicode_ci DEFAULT NULL,
  `file_size` int DEFAULT NULL,
  `file_type` varchar(100) CHARACTER SET utf8mb4 COLLATE utf8mb4_unicode_ci DEFAULT NULL,
  `created_at` timestamp NULL DEFAULT CURRENT_TIMESTAMP,
  `updated_at` timestamp NULL DEFAULT CURRENT_TIMESTAMP ON UPDATE CURRENT_TIMESTAMP,
  PRIMARY KEY (`response_id`),
  UNIQUE KEY `unique_submission_field` (`submission_id`,`field_id`),
  KEY `idx_submission_id` (`submission_id`),
  KEY `idx_field_id` (`field_id`),
  CONSTRAINT `form_responses_member_ibfk_1` FOREIGN KEY (`submission_id`) REFERENCES `form_submissions_member` (`submission_id`) ON DELETE CASCADE,
  CONSTRAINT `form_responses_member_ibfk_2` FOREIGN KEY (`field_id`) REFERENCES `form_fields` (`field_id`)
) ENGINE=InnoDB AUTO_INCREMENT=7 DEFAULT CHARSET=utf8mb4 COLLATE=utf8mb4_unicode_ci;
/*!40101 SET character_set_client = @saved_cs_client */;

--
-- Dumping data for table `form_responses_member`
--

LOCK TABLES `form_responses_member` WRITE;
/*!40000 ALTER TABLE `form_responses_member` DISABLE KEYS */;
INSERT INTO `form_responses_member` VALUES (1,1,16,'20',NULL,NULL,NULL,NULL,'2025-12-21 06:41:26','2025-12-21 06:41:26'),(2,1,15,'Maths',NULL,NULL,NULL,NULL,'2025-12-21 06:41:26','2025-12-21 06:41:26'),(3,1,14,'2000',NULL,NULL,NULL,NULL,'2025-12-21 06:41:26','2025-12-21 06:41:26'),(4,2,16,'200',NULL,NULL,NULL,NULL,'2025-12-21 06:45:26','2025-12-21 06:45:26'),(5,2,15,'Maths',NULL,NULL,NULL,NULL,'2025-12-21 06:45:26','2025-12-21 06:45:26'),(6,2,14,'3000',NULL,NULL,NULL,NULL,'2025-12-21 06:45:26','2025-12-21 06:45:26');
/*!40000 ALTER TABLE `form_responses_member` ENABLE KEYS */;
UNLOCK TABLES;

--
-- Table structure for table `form_submissions_family`
--

DROP TABLE IF EXISTS `form_submissions_family`;
/*!40101 SET @saved_cs_client     = @@character_set_client */;
/*!50503 SET character_set_client = utf8mb4 */;
CREATE TABLE `form_submissions_family` (
  `submission_id` int NOT NULL AUTO_INCREMENT,
  `form_id` int NOT NULL,
  `family_id` varchar(20) CHARACTER SET utf8mb4 COLLATE utf8mb4_unicode_ci NOT NULL,
  `gn_id` varchar(13) CHARACTER SET utf8mb4 COLLATE utf8mb4_unicode_ci NOT NULL,
  `submitted_by_user_id` int DEFAULT NULL,
  `submission_status` enum('draft','submitted','approved','rejected','pending_review') CHARACTER SET utf8mb4 COLLATE utf8mb4_unicode_ci DEFAULT 'draft',
  `total_fields` int DEFAULT '0',
  `completed_fields` int DEFAULT '0',
  `submission_date` datetime DEFAULT NULL,
  `reviewed_by_user_id` int DEFAULT NULL,
  `review_date` datetime DEFAULT NULL,
  `review_notes` text CHARACTER SET utf8mb4 COLLATE utf8mb4_unicode_ci,
  `is_latest` tinyint(1) DEFAULT '1',
  `version` int DEFAULT '1',
  `ip_address` varchar(45) CHARACTER SET utf8mb4 COLLATE utf8mb4_unicode_ci DEFAULT NULL,
  `user_agent` text CHARACTER SET utf8mb4 COLLATE utf8mb4_unicode_ci,
  `created_at` timestamp NULL DEFAULT CURRENT_TIMESTAMP,
  `updated_at` timestamp NULL DEFAULT CURRENT_TIMESTAMP ON UPDATE CURRENT_TIMESTAMP,
  PRIMARY KEY (`submission_id`),
  UNIQUE KEY `unique_family_form_version` (`form_id`,`family_id`,`version`),
  KEY `idx_form_id` (`form_id`),
  KEY `idx_family_id` (`family_id`),
  KEY `idx_gn_id` (`gn_id`),
  KEY `idx_status` (`submission_status`),
  KEY `idx_submitted_by` (`submitted_by_user_id`),
  KEY `reviewed_by_user_id` (`reviewed_by_user_id`),
  CONSTRAINT `form_submissions_family_ibfk_1` FOREIGN KEY (`form_id`) REFERENCES `forms` (`form_id`),
  CONSTRAINT `form_submissions_family_ibfk_2` FOREIGN KEY (`family_id`) REFERENCES `families` (`family_id`),
  CONSTRAINT `form_submissions_family_ibfk_3` FOREIGN KEY (`submitted_by_user_id`) REFERENCES `users` (`user_id`),
  CONSTRAINT `form_submissions_family_ibfk_4` FOREIGN KEY (`reviewed_by_user_id`) REFERENCES `users` (`user_id`)
) ENGINE=InnoDB AUTO_INCREMENT=17 DEFAULT CHARSET=utf8mb4 COLLATE=utf8mb4_unicode_ci;
/*!40101 SET character_set_client = @saved_cs_client */;

--
-- Dumping data for table `form_submissions_family`
--

LOCK TABLES `form_submissions_family` WRITE;
/*!40000 ALTER TABLE `form_submissions_family` DISABLE KEYS */;
INSERT INTO `form_submissions_family` VALUES (1,5,'42321216084042','4-2-3-2-150',32,'submitted',3,3,'2025-12-20 14:24:36',NULL,NULL,NULL,1,1,NULL,NULL,'2025-12-20 08:54:36','2025-12-20 08:54:36'),(2,6,'42321220150543','4-2-3-2-150',32,'submitted',1,1,'2025-12-20 15:15:57',NULL,NULL,NULL,0,1,NULL,NULL,'2025-12-20 09:45:57','2025-12-21 06:57:30'),(3,5,'42321220150543','4-2-3-2-150',32,'submitted',3,3,'2025-12-20 15:23:55',NULL,NULL,NULL,0,1,NULL,NULL,'2025-12-20 09:53:55','2025-12-21 06:28:47'),(4,7,'42321220150543','4-2-3-2-140',33,'submitted',3,3,'2025-12-21 11:25:18',NULL,NULL,NULL,1,1,NULL,NULL,'2025-12-21 05:55:18','2025-12-21 05:55:18'),(10,5,'42321220150543','4-2-3-2-140',33,'submitted',3,3,'2025-12-21 11:58:47',NULL,NULL,NULL,1,2,NULL,NULL,'2025-12-21 06:28:47','2025-12-21 06:28:47'),(12,7,'42321220150543','4-2-3-2-140',33,'submitted',3,3,'2025-12-21 12:27:30',NULL,NULL,NULL,1,2,NULL,NULL,'2025-12-21 06:57:30','2025-12-21 06:57:30'),(14,8,'42321211103654','4-2-3-2-140',33,'submitted',3,3,'2025-12-21 12:43:21',NULL,NULL,NULL,1,1,NULL,NULL,'2025-12-21 07:13:21','2025-12-21 07:13:21'),(15,7,'42321211103654','4-2-3-2-140',33,'submitted',6,6,'2025-12-21 12:44:13',NULL,NULL,NULL,1,1,NULL,NULL,'2025-12-21 07:14:13','2025-12-21 07:14:13'),(16,9,'42321216084042','4-2-3-2-150',32,'draft',3,3,NULL,NULL,NULL,NULL,1,1,NULL,NULL,'2025-12-22 06:58:41','2025-12-22 06:58:41');
/*!40000 ALTER TABLE `form_submissions_family` ENABLE KEYS */;
UNLOCK TABLES;

--
-- Table structure for table `form_submissions_member`
--

DROP TABLE IF EXISTS `form_submissions_member`;
/*!40101 SET @saved_cs_client     = @@character_set_client */;
/*!50503 SET character_set_client = utf8mb4 */;
CREATE TABLE `form_submissions_member` (
  `submission_id` int NOT NULL AUTO_INCREMENT,
  `form_id` int NOT NULL,
  `citizen_id` int NOT NULL,
  `family_id` varchar(20) CHARACTER SET utf8mb4 COLLATE utf8mb4_unicode_ci NOT NULL,
  `gn_id` varchar(13) CHARACTER SET utf8mb4 COLLATE utf8mb4_unicode_ci NOT NULL,
  `submitted_by_user_id` int DEFAULT NULL,
  `submission_status` enum('draft','submitted','approved','rejected','pending_review') CHARACTER SET utf8mb4 COLLATE utf8mb4_unicode_ci DEFAULT 'draft',
  `total_fields` int DEFAULT '0',
  `completed_fields` int DEFAULT '0',
  `submission_date` datetime DEFAULT NULL,
  `reviewed_by_user_id` int DEFAULT NULL,
  `review_date` datetime DEFAULT NULL,
  `review_notes` text CHARACTER SET utf8mb4 COLLATE utf8mb4_unicode_ci,
  `is_latest` tinyint(1) DEFAULT '1',
  `version` int DEFAULT '1',
  `ip_address` varchar(45) CHARACTER SET utf8mb4 COLLATE utf8mb4_unicode_ci DEFAULT NULL,
  `user_agent` text CHARACTER SET utf8mb4 COLLATE utf8mb4_unicode_ci,
  `created_at` timestamp NULL DEFAULT CURRENT_TIMESTAMP,
  `updated_at` timestamp NULL DEFAULT CURRENT_TIMESTAMP ON UPDATE CURRENT_TIMESTAMP,
  PRIMARY KEY (`submission_id`),
  UNIQUE KEY `unique_member_form_version` (`form_id`,`citizen_id`,`version`),
  KEY `idx_form_id` (`form_id`),
  KEY `idx_citizen_id` (`citizen_id`),
  KEY `idx_family_id` (`family_id`),
  KEY `idx_gn_id` (`gn_id`),
  KEY `idx_status` (`submission_status`),
  KEY `idx_submitted_by` (`submitted_by_user_id`),
  KEY `reviewed_by_user_id` (`reviewed_by_user_id`),
  CONSTRAINT `form_submissions_member_ibfk_1` FOREIGN KEY (`form_id`) REFERENCES `forms` (`form_id`),
  CONSTRAINT `form_submissions_member_ibfk_2` FOREIGN KEY (`citizen_id`) REFERENCES `citizens` (`citizen_id`),
  CONSTRAINT `form_submissions_member_ibfk_3` FOREIGN KEY (`family_id`) REFERENCES `families` (`family_id`),
  CONSTRAINT `form_submissions_member_ibfk_4` FOREIGN KEY (`submitted_by_user_id`) REFERENCES `users` (`user_id`),
  CONSTRAINT `form_submissions_member_ibfk_5` FOREIGN KEY (`reviewed_by_user_id`) REFERENCES `users` (`user_id`)
) ENGINE=InnoDB AUTO_INCREMENT=3 DEFAULT CHARSET=utf8mb4 COLLATE=utf8mb4_unicode_ci;
/*!40101 SET character_set_client = @saved_cs_client */;

--
-- Dumping data for table `form_submissions_member`
--

LOCK TABLES `form_submissions_member` WRITE;
/*!40000 ALTER TABLE `form_submissions_member` DISABLE KEYS */;
INSERT INTO `form_submissions_member` VALUES (1,7,23,'42321220150543','4-2-3-2-140',33,'submitted',3,3,'2025-12-21 12:11:26',NULL,NULL,NULL,0,1,NULL,NULL,'2025-12-21 06:41:26','2025-12-21 06:45:26'),(2,7,23,'42321220150543','4-2-3-2-140',33,'submitted',3,3,'2025-12-21 12:15:26',NULL,NULL,NULL,1,2,NULL,NULL,'2025-12-21 06:45:26','2025-12-21 06:45:26');
/*!40000 ALTER TABLE `form_submissions_member` ENABLE KEYS */;
UNLOCK TABLES;

--
-- Table structure for table `forms`
--

DROP TABLE IF EXISTS `forms`;
/*!40101 SET @saved_cs_client     = @@character_set_client */;
/*!50503 SET character_set_client = utf8mb4 */;
CREATE TABLE `forms` (
  `form_id` int NOT NULL AUTO_INCREMENT,
  `form_code` varchar(50) CHARACTER SET utf8mb4 COLLATE utf8mb4_unicode_ci NOT NULL,
  `form_name` varchar(200) CHARACTER SET utf8mb4 COLLATE utf8mb4_unicode_ci NOT NULL,
  `form_description` text CHARACTER SET utf8mb4 COLLATE utf8mb4_unicode_ci,
  `form_type` enum('family','member','both') CHARACTER SET utf8mb4 COLLATE utf8mb4_unicode_ci DEFAULT 'both',
  `form_category` varchar(100) CHARACTER SET utf8mb4 COLLATE utf8mb4_unicode_ci DEFAULT NULL,
  `target_entity` enum('family','member','both') CHARACTER SET utf8mb4 COLLATE utf8mb4_unicode_ci NOT NULL DEFAULT 'both',
  `is_active` tinyint(1) DEFAULT '1',
  `max_submissions_per_entity` int DEFAULT '1',
  `start_date` datetime DEFAULT NULL,
  `end_date` datetime DEFAULT NULL,
  `created_by_user_id` int DEFAULT NULL,
  `created_at` timestamp NULL DEFAULT CURRENT_TIMESTAMP,
  `updated_at` timestamp NULL DEFAULT CURRENT_TIMESTAMP ON UPDATE CURRENT_TIMESTAMP,
  PRIMARY KEY (`form_id`),
  UNIQUE KEY `form_code` (`form_code`),
  KEY `idx_form_type` (`form_type`),
  KEY `idx_target_entity` (`target_entity`),
  KEY `idx_is_active` (`is_active`),
  KEY `created_by_user_id` (`created_by_user_id`),
  CONSTRAINT `forms_ibfk_1` FOREIGN KEY (`created_by_user_id`) REFERENCES `users` (`user_id`)
) ENGINE=InnoDB AUTO_INCREMENT=10 DEFAULT CHARSET=utf8mb4 COLLATE=utf8mb4_unicode_ci;
/*!40101 SET character_set_client = @saved_cs_client */;

--
-- Dumping data for table `forms`
--

LOCK TABLES `forms` WRITE;
/*!40000 ALTER TABLE `forms` DISABLE KEYS */;
INSERT INTO `forms` VALUES (5,'familyincomeexpenses_211534','family_income_expenses','Income and Expenses','','','family',1,1,NULL,NULL,1,'2025-12-20 06:21:33','2025-12-20 07:59:50'),(6,'education_223526','education','Educat relatr','both','asknd','family',1,1,'2025-12-20 00:00:00',NULL,1,'2025-12-20 09:42:45','2025-12-20 09:42:45'),(7,'education_details_247393','Education Details','This will be a cover educaion details','','Survay','member',1,5,'2025-12-20 00:00:00','2026-01-19 23:59:59',1,'2025-12-20 16:19:48','2025-12-20 16:19:48'),(8,'new_education_form_653713_114','New Education form','This form Cove all education details abith that selected persons','','Survay','member',1,1,'2025-12-21 00:00:00','2030-01-01 23:59:59',1,'2025-12-21 07:10:33','2025-12-21 07:10:33'),(9,'gass_cooker_413527_585','gass cooker','kajnskdjfasdf','','','family',1,2,'2025-12-22 00:00:00','2026-01-21 23:59:59',1,'2025-12-22 06:56:45','2025-12-22 06:56:45');
/*!40000 ALTER TABLE `forms` ENABLE KEYS */;
UNLOCK TABLES;

--
-- Table structure for table `health_conditions`
--

DROP TABLE IF EXISTS `health_conditions`;
/*!40101 SET @saved_cs_client     = @@character_set_client */;
/*!50503 SET character_set_client = utf8mb4 */;
CREATE TABLE `health_conditions` (
  `health_id` int NOT NULL AUTO_INCREMENT,
  `citizen_id` int NOT NULL,
  `condition_type` enum('disability','chronic_disease','mental_health','other') COLLATE utf8mb4_unicode_ci NOT NULL,
  `condition_name` varchar(100) COLLATE utf8mb4_unicode_ci NOT NULL,
  `diagnosis_date` date DEFAULT NULL,
  `severity` enum('mild','moderate','severe') COLLATE utf8mb4_unicode_ci DEFAULT NULL,
  `treatment_details` text COLLATE utf8mb4_unicode_ci,
  `is_permanent` tinyint(1) DEFAULT '0',
  `created_at` timestamp NULL DEFAULT CURRENT_TIMESTAMP,
  PRIMARY KEY (`health_id`),
  KEY `idx_citizen_id` (`citizen_id`),
  KEY `idx_condition_name` (`condition_name`),
  CONSTRAINT `health_conditions_ibfk_1` FOREIGN KEY (`citizen_id`) REFERENCES `citizens` (`citizen_id`) ON DELETE CASCADE
) ENGINE=InnoDB DEFAULT CHARSET=utf8mb4 COLLATE=utf8mb4_unicode_ci;
/*!40101 SET character_set_client = @saved_cs_client */;

--
-- Dumping data for table `health_conditions`
--

LOCK TABLES `health_conditions` WRITE;
/*!40000 ALTER TABLE `health_conditions` DISABLE KEYS */;
/*!40000 ALTER TABLE `health_conditions` ENABLE KEYS */;
UNLOCK TABLES;

--
-- Table structure for table `land_details`
--

DROP TABLE IF EXISTS `land_details`;
/*!40101 SET @saved_cs_client     = @@character_set_client */;
/*!50503 SET character_set_client = utf8mb4 */;
CREATE TABLE `land_details` (
  `land_id` int NOT NULL AUTO_INCREMENT,
  `family_id` varchar(20) COLLATE utf8mb4_unicode_ci NOT NULL,
  `land_type` enum('own','rent','temporary','government','leased') COLLATE utf8mb4_unicode_ci NOT NULL,
  `land_size_perches` decimal(8,2) DEFAULT NULL,
  `land_address` text COLLATE utf8mb4_unicode_ci,
  `deed_number` varchar(100) COLLATE utf8mb4_unicode_ci DEFAULT NULL,
  `ownership_percentage` decimal(5,2) DEFAULT '100.00',
  `annual_tax` decimal(10,2) DEFAULT NULL,
  `notes` text COLLATE utf8mb4_unicode_ci,
  `created_at` timestamp NULL DEFAULT CURRENT_TIMESTAMP,
  `updated_at` timestamp NULL DEFAULT CURRENT_TIMESTAMP ON UPDATE CURRENT_TIMESTAMP,
  PRIMARY KEY (`land_id`),
  KEY `idx_family_id` (`family_id`),
  CONSTRAINT `land_details_ibfk_1` FOREIGN KEY (`family_id`) REFERENCES `families` (`family_id`) ON DELETE CASCADE
) ENGINE=InnoDB DEFAULT CHARSET=utf8mb4 COLLATE=utf8mb4_unicode_ci;
/*!40101 SET character_set_client = @saved_cs_client */;

--
-- Dumping data for table `land_details`
--

LOCK TABLES `land_details` WRITE;
/*!40000 ALTER TABLE `land_details` DISABLE KEYS */;
/*!40000 ALTER TABLE `land_details` ENABLE KEYS */;
UNLOCK TABLES;

--
-- Table structure for table `notifications`
--

DROP TABLE IF EXISTS `notifications`;
/*!40101 SET @saved_cs_client     = @@character_set_client */;
/*!50503 SET character_set_client = utf8mb4 */;
CREATE TABLE `notifications` (
  `notification_id` int NOT NULL AUTO_INCREMENT,
  `user_id` int DEFAULT NULL,
  `notification_type` enum('transfer','form','system','alert') COLLATE utf8mb4_unicode_ci DEFAULT NULL,
  `title` varchar(200) COLLATE utf8mb4_unicode_ci DEFAULT NULL,
  `message` text COLLATE utf8mb4_unicode_ci,
  `is_read` tinyint(1) DEFAULT '0',
  `link` varchar(500) COLLATE utf8mb4_unicode_ci DEFAULT NULL,
  `created_at` timestamp NULL DEFAULT CURRENT_TIMESTAMP,
  PRIMARY KEY (`notification_id`),
  KEY `user_id` (`user_id`),
  CONSTRAINT `notifications_ibfk_1` FOREIGN KEY (`user_id`) REFERENCES `users` (`user_id`)
) ENGINE=InnoDB AUTO_INCREMENT=2 DEFAULT CHARSET=utf8mb4 COLLATE=utf8mb4_unicode_ci;
/*!40101 SET character_set_client = @saved_cs_client */;

--
-- Dumping data for table `notifications`
--

LOCK TABLES `notifications` WRITE;
/*!40000 ALTER TABLE `notifications` DISABLE KEYS */;
INSERT INTO `notifications` VALUES (1,28,'transfer','New Transfer Request','Family 42321220150543 has requested transfer from GN 4-2-3-2-150 to GN 4-2-3-2-140',0,'transfer_requests.php?transfer_id=TRF202512210630489385','2025-12-21 01:00:48');
/*!40000 ALTER TABLE `notifications` ENABLE KEYS */;
UNLOCK TABLES;

--
-- Table structure for table `standard_codes`
--

DROP TABLE IF EXISTS `standard_codes`;
/*!40101 SET @saved_cs_client     = @@character_set_client */;
/*!50503 SET character_set_client = utf8mb4 */;
CREATE TABLE `standard_codes` (
  `code_id` int NOT NULL AUTO_INCREMENT,
  `category` varchar(50) COLLATE utf8mb4_unicode_ci DEFAULT NULL,
  `code_value` varchar(100) COLLATE utf8mb4_unicode_ci DEFAULT NULL,
  `display_text` varchar(200) COLLATE utf8mb4_unicode_ci DEFAULT NULL,
  `sort_order` int DEFAULT '0',
  `is_active` tinyint(1) DEFAULT '1',
  PRIMARY KEY (`code_id`)
) ENGINE=InnoDB DEFAULT CHARSET=utf8mb4 COLLATE=utf8mb4_unicode_ci;
/*!40101 SET character_set_client = @saved_cs_client */;

--
-- Dumping data for table `standard_codes`
--

LOCK TABLES `standard_codes` WRITE;
/*!40000 ALTER TABLE `standard_codes` DISABLE KEYS */;
/*!40000 ALTER TABLE `standard_codes` ENABLE KEYS */;
UNLOCK TABLES;

--
-- Table structure for table `transfer_history`
--

DROP TABLE IF EXISTS `transfer_history`;
/*!40101 SET @saved_cs_client     = @@character_set_client */;
/*!50503 SET character_set_client = utf8mb4 */;
CREATE TABLE `transfer_history` (
  `transfer_id` varchar(50) CHARACTER SET utf8mb4 COLLATE utf8mb4_unicode_ci NOT NULL,
  `family_id` varchar(20) CHARACTER SET utf8mb4 COLLATE utf8mb4_unicode_ci DEFAULT NULL,
  `citizen_id` int DEFAULT NULL,
  `transfer_type` enum('family','member') COLLATE utf8mb4_unicode_ci DEFAULT 'family',
  `from_gn_id` varchar(13) CHARACTER SET utf8mb4 COLLATE utf8mb4_unicode_ci DEFAULT NULL,
  `to_gn_id` varchar(13) CHARACTER SET utf8mb4 COLLATE utf8mb4_unicode_ci DEFAULT NULL,
  `transfer_reason` text CHARACTER SET utf8mb4 COLLATE utf8mb4_unicode_ci,
  `transfer_notes` text CHARACTER SET utf8mb4 COLLATE utf8mb4_unicode_ci,
  `requested_by_user_id` int NOT NULL,
  `request_date` datetime NOT NULL,
  `approved_by_user_id` int DEFAULT NULL,
  `approval_date` datetime DEFAULT NULL,
  `rejected_by_user_id` int DEFAULT NULL,
  `rejection_date` datetime DEFAULT NULL,
  `rejection_reason` text CHARACTER SET utf8mb4 COLLATE utf8mb4_unicode_ci,
  `current_status` enum('pending','approved','rejected','completed','cancelled') CHARACTER SET utf8mb4 COLLATE utf8mb4_unicode_ci DEFAULT 'pending',
  `completed_date` datetime DEFAULT NULL,
  `completed_by_user_id` int DEFAULT NULL,
  `completion_notes` text CHARACTER SET utf8mb4 COLLATE utf8mb4_unicode_ci,
  `created_at` timestamp NULL DEFAULT CURRENT_TIMESTAMP,
  PRIMARY KEY (`transfer_id`),
  KEY `idx_family` (`family_id`),
  KEY `idx_status` (`current_status`),
  KEY `idx_from_gn` (`from_gn_id`),
  KEY `idx_to_gn` (`to_gn_id`),
  KEY `idx_requested_by` (`requested_by_user_id`),
  KEY `idx_citizen_id` (`citizen_id`)
) ENGINE=InnoDB DEFAULT CHARSET=utf8mb4 COLLATE=utf8mb4_unicode_ci;
/*!40101 SET character_set_client = @saved_cs_client */;

--
-- Dumping data for table `transfer_history`
--

LOCK TABLES `transfer_history` WRITE;
/*!40000 ALTER TABLE `transfer_history` DISABLE KEYS */;
INSERT INTO `transfer_history` VALUES ('TRF202512111157073255','42321210181342',NULL,'family','4-2-3-2-150','4-2-6-1-165','Relocation','Add new location  in the files will we be generate',32,'2025-12-11 11:57:07',NULL,NULL,32,'2025-12-15 17:23:37','Cancel pending\r\n','cancelled',NULL,NULL,NULL,'2025-12-11 06:27:07'),('TRF202512111459104275','42321211103654',NULL,'family','4-2-3-2-150','4-2-3-2-140','Marriage','New location tranfer',32,'2025-12-11 14:59:10',28,'2025-12-15 17:41:15',NULL,NULL,NULL,'completed','2025-12-20 15:09:57',33,'jjhgjhg','2025-12-11 09:29:10'),('TRF202512120618579808','42321212061507',NULL,'family','4-2-3-2-150','4-2-3-2-110','Employment','jhbjbh',32,'2025-12-12 06:18:57',28,'2025-12-15 17:41:26',NULL,NULL,NULL,'completed','2025-12-16 08:59:40',34,'Transfer completed','2025-12-12 00:48:57'),('TRF202512121258143889','42321212123754',NULL,'family','4-2-3-2-150','5-2-9-2-70','Marriage','Sample',32,'2025-12-12 12:58:14',NULL,NULL,28,'2025-12-15 17:40:48','NO admission ','rejected',NULL,NULL,NULL,'2025-12-12 07:28:14'),('TRF202512131224467134','42321212190145',NULL,'family','4-2-3-2-150','6-1-15-2-155','Education','',32,'2025-12-13 12:24:46',28,'2025-12-15 17:40:23',NULL,NULL,NULL,'approved',NULL,NULL,NULL,'2025-12-13 06:54:46'),('TRF202512151604178667','42321212190328',NULL,'family','4-2-3-2-150','4-2-3-2-110','Marriage','New data',32,'2025-12-15 16:04:17',NULL,NULL,32,'2025-12-15 17:23:14','need thinking','cancelled',NULL,NULL,NULL,'2025-12-15 10:34:17'),('TRF202512160850226603','42321216084042',NULL,'family','4-2-3-2-140','4-2-3-2-150','Relocation','New transfer',33,'2025-12-16 08:50:22',28,'2025-12-16 08:57:21',NULL,NULL,NULL,'completed','2025-12-18 21:53:16',32,'Transfer completed','2025-12-16 03:20:22'),('TRF202512160939064577','42321215140441',NULL,'family','4-2-3-2-110','4-2-3-2-150','Education','Childen education',34,'2025-12-16 09:39:06',28,'2025-12-16 09:45:50',NULL,NULL,NULL,'completed','2025-12-16 09:46:31',32,'Welcome','2025-12-16 04:09:06'),('TRF202512210630489385','42321220150543',NULL,'family','4-2-3-2-150','4-2-3-2-140','Relocation','',32,'2025-12-21 06:30:48',28,'2025-12-21 07:11:57',NULL,NULL,NULL,'completed','2025-12-21 07:13:39',33,'OK ','2025-12-21 01:00:48');
/*!40000 ALTER TABLE `transfer_history` ENABLE KEYS */;
UNLOCK TABLES;

--
-- Table structure for table `transfer_notifications`
--

DROP TABLE IF EXISTS `transfer_notifications`;
/*!40101 SET @saved_cs_client     = @@character_set_client */;
/*!50503 SET character_set_client = utf8mb4 */;
CREATE TABLE `transfer_notifications` (
  `notification_id` int NOT NULL AUTO_INCREMENT,
  `transfer_id` int NOT NULL,
  `user_id` int NOT NULL,
  `notification_type` enum('initiated','approval_required','approved','rejected','attachment_required','completed') COLLATE utf8mb4_unicode_ci NOT NULL,
  `title` varchar(200) COLLATE utf8mb4_unicode_ci NOT NULL,
  `message` text COLLATE utf8mb4_unicode_ci NOT NULL,
  `is_read` tinyint(1) DEFAULT '0',
  `action_url` varchar(500) COLLATE utf8mb4_unicode_ci DEFAULT NULL,
  `created_at` timestamp NULL DEFAULT CURRENT_TIMESTAMP,
  PRIMARY KEY (`notification_id`),
  KEY `idx_transfer_user` (`transfer_id`,`user_id`),
  KEY `idx_is_read` (`is_read`),
  KEY `fk_transfer_notifications_user` (`user_id`),
  CONSTRAINT `fk_transfer_notifications_transfer` FOREIGN KEY (`transfer_id`) REFERENCES `transfer_requests` (`transfer_id`) ON DELETE CASCADE,
  CONSTRAINT `fk_transfer_notifications_user` FOREIGN KEY (`user_id`) REFERENCES `users` (`user_id`)
) ENGINE=InnoDB DEFAULT CHARSET=utf8mb4 COLLATE=utf8mb4_unicode_ci;
/*!40101 SET character_set_client = @saved_cs_client */;

--
-- Dumping data for table `transfer_notifications`
--

LOCK TABLES `transfer_notifications` WRITE;
/*!40000 ALTER TABLE `transfer_notifications` DISABLE KEYS */;
/*!40000 ALTER TABLE `transfer_notifications` ENABLE KEYS */;
UNLOCK TABLES;

--
-- Table structure for table `transfer_requests`
--

DROP TABLE IF EXISTS `transfer_requests`;
/*!40101 SET @saved_cs_client     = @@character_set_client */;
/*!50503 SET character_set_client = utf8mb4 */;
CREATE TABLE `transfer_requests` (
  `transfer_id` int NOT NULL AUTO_INCREMENT,
  `transfer_type` enum('family','member') COLLATE utf8mb4_unicode_ci DEFAULT 'family',
  `citizen_id` int NOT NULL,
  `family_id` varchar(20) COLLATE utf8mb4_unicode_ci NOT NULL,
  `division_code` varchar(50) COLLATE utf8mb4_unicode_ci DEFAULT NULL,
  `to_division_code` varchar(50) COLLATE utf8mb4_unicode_ci DEFAULT NULL,
  `from_gn_id` varchar(13) COLLATE utf8mb4_unicode_ci DEFAULT NULL,
  `to_gn_id` varchar(13) COLLATE utf8mb4_unicode_ci DEFAULT NULL,
  `new_family_id` varchar(20) COLLATE utf8mb4_unicode_ci DEFAULT NULL,
  `target_family_head_nic` varchar(12) COLLATE utf8mb4_unicode_ci DEFAULT NULL,
  `status` enum('pending','approved','rejected','cancelled') COLLATE utf8mb4_unicode_ci DEFAULT 'pending',
  `request_date` datetime DEFAULT CURRENT_TIMESTAMP,
  `requested_by_user_id` int DEFAULT NULL,
  `approved_by_user_id` int DEFAULT NULL,
  `approval_date` datetime DEFAULT NULL,
  `attached_at` datetime DEFAULT NULL,
  `attached_by_user_id` int DEFAULT NULL,
  `attachment_notes` text COLLATE utf8mb4_unicode_ci,
  `reason` text COLLATE utf8mb4_unicode_ci,
  `notes` text COLLATE utf8mb4_unicode_ci,
  `created_at` timestamp NULL DEFAULT CURRENT_TIMESTAMP,
  `updated_at` timestamp NULL DEFAULT CURRENT_TIMESTAMP ON UPDATE CURRENT_TIMESTAMP,
  PRIMARY KEY (`transfer_id`),
  KEY `idx_status` (`status`),
  KEY `idx_division` (`division_code`),
  KEY `idx_citizen` (`citizen_id`),
  KEY `idx_family` (`family_id`),
  KEY `idx_new_family` (`new_family_id`)
) ENGINE=InnoDB DEFAULT CHARSET=utf8mb4 COLLATE=utf8mb4_unicode_ci;
/*!40101 SET character_set_client = @saved_cs_client */;

--
-- Dumping data for table `transfer_requests`
--

LOCK TABLES `transfer_requests` WRITE;
/*!40000 ALTER TABLE `transfer_requests` DISABLE KEYS */;
/*!40000 ALTER TABLE `transfer_requests` ENABLE KEYS */;
UNLOCK TABLES;

--
-- Table structure for table `transfer_workflow`
--

DROP TABLE IF EXISTS `transfer_workflow`;
/*!40101 SET @saved_cs_client     = @@character_set_client */;
/*!50503 SET character_set_client = utf8mb4 */;
CREATE TABLE `transfer_workflow` (
  `workflow_id` int NOT NULL AUTO_INCREMENT,
  `transfer_id` int NOT NULL,
  `stage` enum('initiated','division_review','gn_review','attachment','completed') COLLATE utf8mb4_unicode_ci NOT NULL,
  `assigned_to_user_type` enum('division','gn') COLLATE utf8mb4_unicode_ci NOT NULL,
  `assigned_to_office_code` varchar(13) COLLATE utf8mb4_unicode_ci DEFAULT NULL,
  `assigned_to_user_id` int DEFAULT NULL,
  `status` enum('pending','approved','rejected','completed') COLLATE utf8mb4_unicode_ci DEFAULT 'pending',
  `action_required` varchar(100) COLLATE utf8mb4_unicode_ci DEFAULT NULL,
  `due_date` datetime DEFAULT NULL,
  `completed_at` datetime DEFAULT NULL,
  `completed_by_user_id` int DEFAULT NULL,
  `notes` text COLLATE utf8mb4_unicode_ci,
  `created_at` timestamp NULL DEFAULT CURRENT_TIMESTAMP,
  `updated_at` timestamp NULL DEFAULT CURRENT_TIMESTAMP ON UPDATE CURRENT_TIMESTAMP,
  PRIMARY KEY (`workflow_id`),
  KEY `idx_transfer` (`transfer_id`),
  KEY `idx_status` (`status`),
  CONSTRAINT `fk_transfer_workflow_transfer` FOREIGN KEY (`transfer_id`) REFERENCES `transfer_requests` (`transfer_id`) ON DELETE CASCADE
) ENGINE=InnoDB DEFAULT CHARSET=utf8mb4 COLLATE=utf8mb4_unicode_ci;
/*!40101 SET character_set_client = @saved_cs_client */;

--
-- Dumping data for table `transfer_workflow`
--

LOCK TABLES `transfer_workflow` WRITE;
/*!40000 ALTER TABLE `transfer_workflow` DISABLE KEYS */;
/*!40000 ALTER TABLE `transfer_workflow` ENABLE KEYS */;
UNLOCK TABLES;

--
-- Table structure for table `users`
--

DROP TABLE IF EXISTS `users`;
/*!40101 SET @saved_cs_client     = @@character_set_client */;
/*!50503 SET character_set_client = utf8mb4 */;
CREATE TABLE `users` (
  `user_id` int NOT NULL AUTO_INCREMENT,
  `username` varchar(100) COLLATE utf8mb4_unicode_ci NOT NULL,
  `password_hash` varchar(255) COLLATE utf8mb4_unicode_ci NOT NULL,
  `user_type` enum('moha','district','division','gn') COLLATE utf8mb4_unicode_ci NOT NULL,
  `office_code` varchar(13) COLLATE utf8mb4_unicode_ci NOT NULL,
  `parent_division_code` varchar(13) COLLATE utf8mb4_unicode_ci DEFAULT NULL,
  `office_name` varchar(100) COLLATE utf8mb4_unicode_ci NOT NULL,
  `email` varchar(100) COLLATE utf8mb4_unicode_ci DEFAULT NULL,
  `phone` varchar(15) COLLATE utf8mb4_unicode_ci DEFAULT NULL,
  `is_active` tinyint(1) DEFAULT '1',
  `last_login` datetime DEFAULT NULL,
  `created_at` timestamp NULL DEFAULT CURRENT_TIMESTAMP,
  `updated_at` timestamp NULL DEFAULT CURRENT_TIMESTAMP ON UPDATE CURRENT_TIMESTAMP,
  PRIMARY KEY (`user_id`),
  UNIQUE KEY `username` (`username`),
  KEY `idx_user_type` (`user_type`),
  KEY `idx_office_code` (`office_code`),
  KEY `parent_division_code` (`parent_division_code`),
  CONSTRAINT `users_ibfk_1` FOREIGN KEY (`parent_division_code`) REFERENCES `users` (`office_code`)
) ENGINE=InnoDB AUTO_INCREMENT=81 DEFAULT CHARSET=utf8mb4 COLLATE=utf8mb4_unicode_ci;
/*!40101 SET character_set_client = @saved_cs_client */;

--
-- Dumping data for table `users`
--

LOCK TABLES `users` WRITE;
/*!40000 ALTER TABLE `users` DISABLE KEYS */;
INSERT INTO `users` VALUES (1,'moha_admin','$2y$12$.JOsPZPa3sl/4quUmhDf7O4iX4O.sPm6uTrseaWYr21F8l7XVOUVC','moha','MOHA',NULL,'Ministry of Home Affairs','admin@fpms.lk','+94 11 2 123 45',1,'2025-12-22 12:25:55','2025-12-09 10:34:41','2025-12-22 06:55:55'),(2,'district_ampara','$2y$12$EBdDsTFNEExxPcvDfUa6HOm3r39YQJCOgVVbvIccWh9kEIVCwkV36','district','Ampara',NULL,'Ampara','ampara@fpms.lk',NULL,1,NULL,'2025-12-09 16:52:24','2025-12-22 06:13:46'),(3,'district_anuradhapura','$2y$10$cGXUS9/DvMjb5iN8459JDuKGwDu2HIGsXoCWPT2m7gL.WIVavAAHS','district','Anuradhapura',NULL,'Anuradhapura','anuradhapura@fpms.lk',NULL,1,NULL,'2025-12-09 16:52:24','2025-12-18 16:24:06'),(4,'district_badulla','$2y$10$I2tW/luKCAY6S4yEKqvn4u98t1OyupxcFvVl7dHWrKqS.XoIpzS82','district','Badulla',NULL,'Badulla','badulla@fpms.lk',NULL,0,NULL,'2025-12-09 16:52:24','2025-12-09 16:52:24'),(5,'district_batticaloa','$2y$10$PtqNXs0dh39x9bFSQ0HwlufNHY8ok3SRPTmC1eGjJRmh/fJFdxxz6','district','Batticaloa',NULL,'Batticaloa','batticaloa@fpms.lk',NULL,0,NULL,'2025-12-09 16:52:24','2025-12-09 16:52:24'),(6,'district_colombo','$2y$10$.GWA9XVY6ebXFtXvOjfWFexni8UrVb4DZ8AFNzavu192x9sq3gW7m','district','Colombo',NULL,'Colombo','colombo@fpms.lk',NULL,0,NULL,'2025-12-09 16:52:24','2025-12-09 16:52:24'),(7,'district_galle','$2y$10$rO0KMCGtDVFm831A4maXNOrXM.Gf21L5JsvCkBDKG/MUga31CpnYC','district','Galle',NULL,'Galle','galle@fpms.lk',NULL,0,NULL,'2025-12-09 16:52:24','2025-12-09 16:52:24'),(8,'district_gampaha','$2y$10$CMVhTV1X5CCSzc7gN5pf6O5o9tY6b0wdlk/qAvsKbEVQ/Ds3/9blC','district','Gampaha',NULL,'Gampaha','gampaha@fpms.lk',NULL,0,NULL,'2025-12-09 16:52:24','2025-12-09 16:52:24'),(9,'district_hambantota','$2y$10$vDmHjC/ACNM7AMWfoCtRQu1/CMNpUCs5WHvJIPcUJTpqbUYRIHaJq','district','Hambantota',NULL,'Hambantota','hambantota@fpms.lk',NULL,0,NULL,'2025-12-09 16:52:24','2025-12-09 16:52:24'),(10,'district_jaffna','$2y$10$2sCkXWl.0RF2kJssJvCB9ezD9XPMTDHTzuy0QLxyw0NYtHTS6F5iq','district','Jaffna',NULL,'Jaffna','jaffna@fpms.lk',NULL,0,NULL,'2025-12-09 16:52:24','2025-12-09 16:52:24'),(11,'district_kalutara','$2y$10$rwITpeSFqEOLBnP2uaZ08.cvqaDKHgdztlX8Pn5wXpFGsYRPasDNS','district','Kalutara',NULL,'Kalutara','kalutara@fpms.lk',NULL,0,NULL,'2025-12-09 16:52:24','2025-12-09 16:52:24'),(12,'district_kandy','$2y$10$pjt6O4gAhPtq9ldVpEXm2eWHyx5.hJD8JPtz2NrbauAtLYSjLIsVK','district','Kandy',NULL,'Kandy','kandy@fpms.lk',NULL,0,NULL,'2025-12-09 16:52:24','2025-12-09 16:52:24'),(13,'district_kegalle','$2y$10$lnVwprXol5wKYenwHQPaAOtebG1mLtNkWWN/B6/tYlkdOO6TzzNza','district','Kegalle',NULL,'Kegalle','kegalle@fpms.lk',NULL,0,NULL,'2025-12-09 16:52:25','2025-12-09 16:52:25'),(14,'district_kilinochchi','$2y$10$dy9RMtrO7Lo1EAOnHDwydeELaLrNtM8KFfpcwvFFccV3EA2kP6soi','district','Kilinochchi',NULL,'Kilinochchi','kilinochchi@fpms.lk',NULL,0,NULL,'2025-12-09 16:52:25','2025-12-09 16:52:25'),(15,'district_kurunegala','$2y$10$O7HGNSSQ.Zy5R1sdXN5Q0OJUw8qgFfB7et.T58Y42hjOEA8KhS0JK','district','Kurunegala',NULL,'Kurunegala','kurunegala@fpms.lk',NULL,0,NULL,'2025-12-09 16:52:25','2025-12-09 16:52:25'),(16,'district_mannar','$2y$12$6F1a10mL8Tp28IrFPzz8I.Ice9TYOZGwsMe0Z2IriLwQI2EU27czK','district','Mannar',NULL,'Mannar','mannar@fpms.lk',NULL,1,'2025-12-22 11:48:26','2025-12-09 16:52:25','2025-12-22 06:18:26'),(17,'district_matale','$2y$10$.V7kIhBdGk45F.jzTfZRNunl.v99JzfQir7wfEEIE.G.NTvrRsI0W','district','Matale',NULL,'Matale','matale@fpms.lk',NULL,0,NULL,'2025-12-09 16:52:25','2025-12-09 16:52:25'),(18,'district_matara','$2y$10$tlI6RGDUzmf3rzeaZov6FeAiaOojVGOdK6.qVb0xrLpEaEuA3YfPy','district','Matara',NULL,'Matara','matara@fpms.lk',NULL,0,NULL,'2025-12-09 16:52:25','2025-12-09 16:52:25'),(19,'district_moneragala','$2y$10$MwX/pUp0CMOXMs9qAp9pqeMpS41oMGLZvyZ1PDEHuDVfsUDTabiLa','district','Moneragala',NULL,'Moneragala','moneragala@fpms.lk',NULL,0,NULL,'2025-12-09 16:52:25','2025-12-09 16:52:25'),(20,'district_mullaitivu','$2y$10$9uXMxmvWJFsanf2Y8fglrOtPLV.Fj9lNlEb3bhqP5iADr5SHRCfGy','district','Mullaitivu',NULL,'Mullaitivu','mullaitivu@fpms.lk',NULL,0,NULL,'2025-12-09 16:52:25','2025-12-09 16:52:25'),(21,'district_nuwara_eliya','$2y$10$Qmvv.qkxMt7rXY4BdHS9zuxqdyCrEEghYWETi.vy5Z89wRkPM.B8e','district','Nuwara Eliya',NULL,'Nuwara Eliya','nuwara.eliya@fpms.lk',NULL,0,NULL,'2025-12-09 16:52:25','2025-12-09 16:52:25'),(22,'district_polonnaruwa','$2y$10$kkKAYNa74Iy31RU.9ZNZDexqY95WJXV0tkY.zntLZ0GPDV4G0dfrS','district','Polonnaruwa',NULL,'Polonnaruwa','polonnaruwa@fpms.lk',NULL,0,NULL,'2025-12-09 16:52:25','2025-12-09 16:52:25'),(23,'district_puttalam','$2y$10$NXbGpZTcqhYKOq7r3CRquO8Opab2vY12c9pXMbFAqRWNzWVYb.NXK','district','Puttalam',NULL,'Puttalam','puttalam@fpms.lk',NULL,0,NULL,'2025-12-09 16:52:25','2025-12-09 16:52:25'),(24,'district_ratnapura','$2y$10$/DB8MaPixl0NRsbpXmgcmeH/MDbSI3kso//nJTj5X5lLRFVnWtlX.','district','Ratnapura',NULL,'Ratnapura','ratnapura@fpms.lk',NULL,0,NULL,'2025-12-09 16:52:25','2025-12-09 16:52:25'),(25,'district_trincomalee','$2y$10$kQfTfRVCMnDUTZfJPjm3P.VXii9R/pjJDRkk6aMOFxELtB6cTM1vO','district','Trincomalee',NULL,'Trincomalee','trincomalee@fpms.lk',NULL,0,NULL,'2025-12-09 16:52:25','2025-12-09 16:52:25'),(26,'district_vavuniya','$2y$10$zQ2vlFD788RA0DTnChyRMeo011Wn7WmvSBKy1VY5oI7yymFTTUCi2','district','Vavuniya',NULL,'Vavuniya','vavuniya@fpms.lk',NULL,0,NULL,'2025-12-09 16:52:26','2025-12-09 16:52:26'),(27,'division_madhu','$2y$10$O7KjI0BDdytudiot6gHUbupCBsLTPdlnADzky22EiO27onGtEw/ha','division','Madhu',NULL,'Madhu','madhu@fpms.lk',NULL,0,'2025-12-18 13:22:28','2025-12-10 02:08:34','2025-12-21 15:01:04'),(28,'division_mannar_town','$2y$12$chJuNtYjCzugMTZ9F2DwNO/Yd7Rwf5dHcrkOyGQ9pr8Dl7dggXOAC','division','Mannar Town',NULL,'Mannar Town','mannar.town@fpms.lk',NULL,1,'2025-12-22 11:51:46','2025-12-10 02:08:34','2025-12-22 06:21:46'),(29,'division_manthai_west','$2y$10$nL5HsIIVkZurQJxrR2LBke2KKHhdzFCGOD4GUSS7l5Fyz2FhDyR96','division','Manthai West',NULL,'Manthai West','manthai.west@fpms.lk',NULL,1,NULL,'2025-12-10 02:08:34','2025-12-15 05:02:31'),(30,'division_musali','$2y$10$l3lzpv9p.dGxUmwoSW0kXOzFD.9dqVXwIfQqw2GYxIE0qvvDYlUM2','division','Musali',NULL,'Musali','musali@fpms.lk',NULL,1,NULL,'2025-12-10 02:08:34','2025-12-15 06:04:06'),(31,'division_nanaddan','$2y$12$p51mgSmla17DVwOwY1Zwle/3VJKd1bdTLzmTMdmncEoxZURXK2gAW','division','Nanaddan',NULL,'Nanaddan','nanaddan@fpms.lk',NULL,1,'2025-12-18 20:06:39','2025-12-10 02:08:34','2025-12-18 14:36:39'),(32,'gn_4-2-3-2-150','$2y$12$XxnpBExWmJbYKgdwWBcnvOrzCTblfPpSa/1RitSrWBFBmqfLPlB/.','gn','4-2-3-2-150','Mannar Town','Chavatkaddu','chavatkaddu@fpms.lk','',1,'2026-01-05 12:07:51','2025-12-10 03:51:06','2026-01-05 06:37:51'),(33,'gn_4-2-3-2-140','$2y$12$OgHYYMoAwEIYDeLexvyEbOTZ7Qzo6fIkMxWSNrx2JPIKRJw/vFqFi','gn','4-2-3-2-140','Mannar Town','Eluthoor','eluthoor@fpms.lk','0770089786',1,'2025-12-22 12:01:00','2025-12-10 03:51:06','2025-12-22 06:31:00'),(34,'gn_4-2-3-2-110','$2y$12$aUloc4hhcnS1qoQ5OtDonOBAXkYPueC63Q.FrIaMYBcnEUh1dt4mu','gn','4-2-3-2-110','Mannar Town','Emil Nagar','emil.nagar@fpms.lk',NULL,1,'2025-12-21 07:12:28','2025-12-10 03:51:06','2025-12-21 01:42:28'),(35,'gn_4-2-3-1-95','$2y$10$SUROzC3HvYZywyN0DUhdnOGncIf5Wfjir4d7pefX7Yd7zlXyOFtUq','gn','4-2-3-1-95','Mannar Town','Erukkalampiddy Central','erukkalampiddy.central@fpms.lk',NULL,0,NULL,'2025-12-10 03:51:06','2025-12-15 06:35:42'),(36,'gn_4-2-3-1-85','$2y$10$0wsx9kdppvCfEOy5DDe6vuK/DioX8ltI.3oMzZQX3QPSfjy5TPsre','gn','4-2-3-1-85','Mannar Town','Erukkalampiddy East','erukkalampiddy.east@fpms.lk',NULL,0,NULL,'2025-12-10 03:51:06','2025-12-15 06:35:43'),(37,'gn_4-2-3-1-80','$2y$10$iIGQB046WjU3bbiJ4KWYK.XB9UX0qXzum1iH.4bPxe9rcsChlAUxa','gn','4-2-3-1-80','Mannar Town','Erukkalampiddy North','erukkalampiddy.north@fpms.lk',NULL,0,NULL,'2025-12-10 03:51:06','2025-12-15 06:35:43'),(38,'gn_4-2-3-1-90','$2y$10$sKLF4Qpz7K7/472LCAQcH.7/VKC6yvF2SFf6r0CD7yF9oYxw92m.S','gn','4-2-3-1-90','Mannar Town','Erukkalampiddy South','erukkalampiddy.south@fpms.lk',NULL,0,NULL,'2025-12-10 03:51:06','2025-12-15 06:35:44'),(39,'gn_4-2-3-1-75','$2y$10$RbSL0hV.Te3xreL3ce7.pu/.KhulwiMs5NUac6nS3/N2r1GaSQNQ2','gn','4-2-3-1-75','Mannar Town','Erukkalampiddy West','erukkalampiddy.west@fpms.lk',NULL,0,NULL,'2025-12-10 03:51:06','2025-12-15 06:35:44'),(40,'gn_4-2-3-1-30','$2y$10$CARW8tqEU1uuOk6J9m48AOedDgA3J2jPHIxkCAwtGm7y2hTEUCOeW','gn','4-2-3-1-30','Mannar Town','Kaddukaran Kudiyiruppu','kaddukaran.kudiyiruppu@fpms.lk',NULL,0,NULL,'2025-12-10 03:51:06','2025-12-15 06:35:44'),(41,'gn_4-2-3-3-220','$2y$10$mPD0YyLtJW8i6VPgMyRsKOcSD3HtFlCVNmJ1SkWLLZCdFdiU9AwC.','gn','4-2-3-3-220','Mannar Town','Kallikaddaikadu','kallikaddaikadu@fpms.lk',NULL,0,NULL,'2025-12-10 03:51:06','2025-12-15 06:35:44'),(42,'gn_4-2-3-3-215','$2y$10$K2qm1P5StwVvdBN8WUOWBO.vedASCLgqBZBjd9DAxHwEhZiDDpcZq','gn','4-2-3-3-215','Mannar Town','Mathoddam','mathoddam@fpms.lk',NULL,0,NULL,'2025-12-10 03:51:06','2025-12-15 06:35:45'),(43,'gn_4-2-3-2-105','$2y$10$sKHrFv15HEOCWuI5EImjb.2FVhNkAfV1yLOYofYqy7QSrbdkh5ZZS','gn','4-2-3-2-105','Mannar Town','Moor Street','moor.street@fpms.lk',NULL,0,NULL,'2025-12-10 03:51:06','2025-12-15 06:35:45'),(44,'gn_4-2-3-3-205','$2y$10$LCJG6nb8JSMmUjijah3tVeq./n35Fn8n4u6ZTaSXV/Pguj1NLUvry','gn','4-2-3-3-205','Mannar Town','Nagathalvu','nagathalvu@fpms.lk',NULL,0,NULL,'2025-12-10 03:51:06','2025-12-15 06:35:45'),(45,'gn_4-2-3-3-210','$2y$10$t1dJLfm2DAYpx7akkPQcK.5KwvcgyHh1fPYMTWxSik3yhq.GKfAjy','gn','4-2-3-3-210','Mannar Town','Neelasenai','neelasenai@fpms.lk',NULL,0,NULL,'2025-12-10 03:51:07','2025-12-15 06:35:46'),(46,'gn_4-2-3-1-65','$2y$10$/V59z.plM7cUoO58nHSfle2CYxQmIJEnCndH69JMol7YToF7smXE2','gn','4-2-3-1-65','Mannar Town','Olaithodduwai','olaithodduwai@fpms.lk',NULL,0,NULL,'2025-12-10 03:51:07','2025-12-15 06:35:46'),(47,'gn_4-2-3-2-135','$2y$10$XOOfJrpIVJ2hMrYiw.5ub.CV3gsp7QqexuVp3zrU.2StR0YeLvOS.','gn','4-2-3-2-135','Mannar Town','Paddithottam','paddithottam@fpms.lk',NULL,0,NULL,'2025-12-10 03:51:07','2025-12-15 06:35:46'),(48,'gn_4-2-3-2-100','$2y$10$.x7.F6qeNZupKzXF35TsFeOD0bFBrxDQvYZxTuRDjGqQ9cWk/JhOO','gn','4-2-3-2-100','Mannar Town','Pallimunai East','pallimunai.east@fpms.lk',NULL,0,NULL,'2025-12-10 03:51:07','2025-12-15 06:35:46'),(49,'gn_4-2-3-2-165','$2y$10$5PpOetec8aH0Ssa35UcbQu8zaBAxi/QkY9t3uQSTdd7wmQSXTKscm','gn','4-2-3-2-165','Mannar Town','Pallimunai West','pallimunai.west@fpms.lk',NULL,0,NULL,'2025-12-10 03:51:07','2025-12-15 06:35:46'),(50,'gn_4-2-3-2-185','$2y$10$dfgppXz8LNm7N.ikGowslecUZA2nTjmqsRphRwaBjROvtB3hP0QZS','gn','4-2-3-2-185','Mannar Town','Panankaddikoddu East','panankaddikoddu.east@fpms.lk',NULL,0,NULL,'2025-12-10 03:51:07','2025-12-15 06:35:47'),(51,'gn_4-2-3-2-190','$2y$10$cK7jXKqoyeLL66giNq8e2.5o8HbXx6k2xbIRK/Pru.iaguGv3IRpW','gn','4-2-3-2-190','Mannar Town','Panankaddikoddu West','panankaddikoddu.west@fpms.lk',NULL,0,NULL,'2025-12-10 03:51:07','2025-12-15 06:35:47'),(52,'gn_4-2-3-3-245','$2y$10$Zrp5VTbt5Tex6ULRpPCeDeejqFnnwtGoPcuIoMSS3Hiraf3dlozMy','gn','4-2-3-3-245','Mannar Town','Parappankandal','parappankandal@fpms.lk',NULL,0,NULL,'2025-12-10 03:51:07','2025-12-15 06:35:47'),(53,'gn_4-2-3-1-60','$2y$10$cjBv3b2bxu8w2C2LZsSx6eAAFrN/FezuVqF8Upa4G8Umht8xBqfji','gn','4-2-3-1-60','Mannar Town','Periya Karisal','periya.karisal@fpms.lk',NULL,0,NULL,'2025-12-10 03:51:07','2025-12-15 06:35:47'),(54,'gn_4-2-3-2-175','$2y$10$SlDF6Z.QsJyqbysarTYc5eMxQz7yt8xCWnq9kEeqOeVFVo2t69KDy','gn','4-2-3-2-175','Mannar Town','Periyakadai','periyakadai@fpms.lk',NULL,0,NULL,'2025-12-10 03:51:07','2025-12-15 06:35:47'),(55,'gn_4-2-3-3-195','$2y$10$HODfVKYryQb/mI5OzUqyWuoR5eqogIuGdx6UoHix8xVYlRs62slwe','gn','4-2-3-3-195','Mannar Town','Periyanavatkulam','periyanavatkulam@fpms.lk',NULL,0,NULL,'2025-12-10 03:51:07','2025-12-15 06:35:48'),(56,'gn_4-2-3-1-45','$2y$10$G3g//2.8yupLBV2hxORoqOtBXGpPAx6r2F5sLQNabwAW2w2tMTFPS','gn','4-2-3-1-45','Mannar Town','Pesalai North','pesalai.north@fpms.lk',NULL,0,NULL,'2025-12-10 03:51:07','2025-12-15 06:35:48'),(57,'gn_4-2-3-1-40','$2y$10$nXvDAVFkb9v/IsaKW98G.uFKVZIvA25OH1LmHliS8cindogXc8syq','gn','4-2-3-1-40','Mannar Town','Pesalai South','pesalai.south@fpms.lk',NULL,0,NULL,'2025-12-10 03:51:08','2025-12-15 06:35:48'),(58,'gn_4-2-3-1-50','$2y$10$kxRkVSurGTskxYyXke0qoeIEQQeyd8n.gdQNNAPLgprxXukflvMf6','gn','4-2-3-1-50','Mannar Town','Pesalai West','pesalai.west@fpms.lk',NULL,0,NULL,'2025-12-10 03:51:08','2025-12-15 06:35:48'),(59,'gn_4-2-3-2-180','$2y$10$Vl6TJNbNEYA4M8JwU0ZJpeGpNMQgyFH0PcOKT/wu3uHC8o2mBKsuy','gn','4-2-3-2-180','Mannar Town','Pettah','pettah@fpms.lk',NULL,0,NULL,'2025-12-10 03:51:08','2025-12-15 06:35:49'),(60,'gn_4-2-3-3-235','$2y$10$kGYVXNSx8ViYf85JBusz0OXdH2tu0hnwQMaFEEChyLPEpuNKK6RxO','gn','4-2-3-3-235','Mannar Town','Puthukamam','puthukamam@fpms.lk',NULL,0,NULL,'2025-12-10 03:51:08','2025-12-15 06:35:49'),(61,'gn_4-2-3-1-70','$2y$10$zURA.M8GA8yBXKOWncKG5eTd.NaQjCmsOR6DqEyKqvZZDntF15TZW','gn','4-2-3-1-70','Mannar Town','Puthukudiyiruppu','puthukudiyiruppu@fpms.lk',NULL,0,NULL,'2025-12-10 03:51:08','2025-12-15 06:35:49'),(62,'gn_4-2-3-2-155','$2y$10$ZT2Rkyd4.qYuc.0t5kz9Ien//4L1v3lUhZvhWD/PmbV4meQxuZ11a','gn','4-2-3-2-155','Mannar Town','Sinnakadai','sinnakadai@fpms.lk',NULL,0,NULL,'2025-12-10 03:51:08','2025-12-15 06:35:49'),(63,'gn_4-2-3-1-55','$2y$10$nnUKjvXMq5E.1lrKX1rV8.1lqLseGjY3mdKnYHYXDrzdThRYUrVci','gn','4-2-3-1-55','Mannar Town','Siruthoppu','siruthoppu@fpms.lk',NULL,0,NULL,'2025-12-10 03:51:08','2025-12-15 06:35:49'),(64,'gn_4-2-3-2-145','$2y$10$wKHgNaDVmrC4q5koDQseceu2X67EvOttr/.JEuFj7EJU3xRanTYMy','gn','4-2-3-2-145','Mannar Town','South Bar','south.bar@fpms.lk',NULL,0,NULL,'2025-12-10 03:51:08','2025-12-15 06:35:49'),(65,'gn_4-2-3-1-15','$2y$10$YaO11e9HWjmwOjok3phOLu1U3xcikONDDY8eXlSHGVb1BrU5072Lq','gn','4-2-3-1-15','Mannar Town','Talaimannar Pier East','talaimannar.pier.east@fpms.lk',NULL,0,NULL,'2025-12-10 03:51:08','2025-12-15 06:35:50'),(66,'gn_4-2-3-1-10','$2y$10$7qLntpy3mlp9uzXBu5B1P.BtEN39Lf/lVfAHr9RG9bvUoO.NiKohu','gn','4-2-3-1-10','Mannar Town','Talaimannar Pier West','talaimannar.pier.west@fpms.lk',NULL,0,NULL,'2025-12-10 03:51:08','2025-12-15 06:35:50'),(67,'gn_4-2-3-1-5','$2y$10$AIFuwEgB50qp9oQBeepegeJqSUhgoh2B4eboMRId5YHdn/Hkf6dJu','gn','4-2-3-1-5','Mannar Town','Talaimannar Village North','talaimannar.village.north@fpms.lk',NULL,0,NULL,'2025-12-10 03:51:08','2025-12-15 06:35:50'),(68,'gn_4-2-3-1-25','$2y$10$T/6YHpD6Xm0zCa.5Y1IADODpOOwMOX5U2o4frPu9ECgx6NO0Ydz/C','gn','4-2-3-1-25','Mannar Town','Talaimannar Village South','talaimannar.village.south@fpms.lk',NULL,0,NULL,'2025-12-10 03:51:08','2025-12-15 06:35:50'),(69,'gn_4-2-3-1-20','$2y$10$/ufx3riW8EkS91ZQnn9ZHuhMGDdzT.XrU2klIlE0m9ATlFw6r4ZQu','gn','4-2-3-1-20','Mannar Town','Taliamannar','taliamannar@fpms.lk',NULL,0,NULL,'2025-12-10 03:51:08','2025-12-15 06:35:50'),(70,'gn_4-2-3-2-130','$2y$10$wJLTJlTPBXjZ0cVFkMn4M.LBlyTb.MsxCQkNAA9TuJXv.jbQOHefS','gn','4-2-3-2-130','Mannar Town','Thalvupadu','thalvupadu@fpms.lk',NULL,0,NULL,'2025-12-10 03:51:09','2025-12-15 06:35:51'),(71,'gn_4-2-3-2-115','$2y$10$nJongS2pJiDpTYQYtFTCLOeNaTqhkwzExIeZc655m3IE3822iwlLK','gn','4-2-3-2-115','Mannar Town','Tharapuram East','tharapuram.east@fpms.lk',NULL,0,NULL,'2025-12-10 03:51:09','2025-12-15 06:35:51'),(72,'gn_4-2-3-2-120','$2y$10$qUQd6cdoeUnGfQk5zynLGe1OAN/FE8AJg7WyxEfjMy9QVYrvP.gIy','gn','4-2-3-2-120','Mannar Town','Tharapuram West','tharapuram.west@fpms.lk',NULL,0,NULL,'2025-12-10 03:51:09','2025-12-15 06:35:51'),(73,'gn_4-2-3-3-200','$2y$10$nKVko7BPOeMHley4BwuSLuiDFcYVLJSMKYF2iBRplv31zPvbaWqiC','gn','4-2-3-3-200','Mannar Town','Thiruketheeswaram','thiruketheeswaram@fpms.lk',NULL,0,NULL,'2025-12-10 03:51:09','2025-12-15 06:35:52'),(74,'gn_4-2-3-1-125','$2y$10$wm9LClNPqOHYLy.CBRLVMeYJpK6DPeqeYgPpP22il9Ohn94HPR4pC','gn','4-2-3-1-125','Mannar Town','Thoddavely','thoddavely@fpms.lk',NULL,0,NULL,'2025-12-10 03:51:09','2025-12-15 06:35:52'),(75,'gn_4-2-3-1-35','$2y$10$dDFOgsYBje/RoCjeAjPIrOKOImzEkG3lCKrb6yw6Eex6zYDLmU.o2','gn','4-2-3-1-35','Mannar Town','Thullukudiyiruppu','thullukudiyiruppu@fpms.lk',NULL,0,NULL,'2025-12-10 03:51:09','2025-12-15 06:35:52'),(76,'gn_4-2-3-2-160','$2y$10$V91uKaQg2/SvKKVjMfUSquZeIHwpaRpNGQnswD8qZje3kMWQ.BPRK','gn','4-2-3-2-160','Mannar Town','Uppukulam North','uppukulam.north@fpms.lk',NULL,0,NULL,'2025-12-10 03:51:09','2025-12-15 06:35:53'),(77,'gn_4-2-3-2-170','$2y$10$WDwfQbypH1noPZ2cIj.OD.ZjpPLWcJR5azb2gTj1eFirY.D/qwtae','gn','4-2-3-2-170','Mannar Town','Uppukulam South','uppukulam.south@fpms.lk',NULL,0,NULL,'2025-12-10 03:51:09','2025-12-15 06:35:53'),(78,'gn_4-2-3-3-230','$2y$10$JKUbWyk97p6zUkI1A0vh8e6zbngDhgV4g2RRR3Qo6hKjbbCEO7WS2','gn','4-2-3-3-230','Mannar Town','Uyilankulam','uyilankulam@fpms.lk',NULL,0,NULL,'2025-12-10 03:51:09','2025-12-15 06:35:53'),(79,'gn_4-2-3-3-240','$2y$10$T48D4uFnRzQRvsK2VGhwQeU2.Esf6UngqbD2LssiJlkLShqUV2Uga','gn','4-2-3-3-240','Mannar Town','Uyirtharasankulam','uyirtharasankulam@fpms.lk',NULL,0,NULL,'2025-12-10 03:51:09','2025-12-15 06:35:53'),(80,'gn_4-2-3-3-225','$2y$10$wM085vvyAtpbdwjf7coAlOuOwIc.ixQXSR9kDsnFSSe74kFMxrN9q','gn','4-2-3-3-225','Mannar Town','Vannamoddai','vannamoddai@fpms.lk',NULL,0,NULL,'2025-12-10 03:51:09','2025-12-15 06:35:54');
/*!40000 ALTER TABLE `users` ENABLE KEYS */;
UNLOCK TABLES;
/*!40103 SET TIME_ZONE=@OLD_TIME_ZONE */;

/*!40101 SET SQL_MODE=@OLD_SQL_MODE */;
/*!40014 SET FOREIGN_KEY_CHECKS=@OLD_FOREIGN_KEY_CHECKS */;
/*!40014 SET UNIQUE_CHECKS=@OLD_UNIQUE_CHECKS */;
/*!40101 SET CHARACTER_SET_CLIENT=@OLD_CHARACTER_SET_CLIENT */;
/*!40101 SET CHARACTER_SET_RESULTS=@OLD_CHARACTER_SET_RESULTS */;
/*!40101 SET COLLATION_CONNECTION=@OLD_COLLATION_CONNECTION */;
/*!40111 SET SQL_NOTES=@OLD_SQL_NOTES */;

-- Dump completed on 2026-01-06 11:27:38
